{"loss": 66.52046203613281, "kl_div_tmp": 4.46100330009358e-07, "nll": 66.52046203613281, "y_mse": 0.002112184651196003, "_timestamp": 1649420727, "_runtime": 229, "_step": 14639, "val_loss_tmp": 66.64131164550781, "val_mse": 0.010671623982489109, "val_posterior_std": 0.9999653100967407, "val_y_posx_std": 6.215539372078638e-08, "val_y_posy_std": 7.90711141007705e-08, "val_y_posz_std": 6.415455544583892e-08, "val_posterior_y_eval": {"_type": "images/separated", "width": 640, "height": 480, "format": "png", "count": 3, "filenames": ["media/images/val_posterior_y_eval_14639_708c02a640d8befaa7af.png", "media/images/val_posterior_y_eval_14639_708c02a640d8befaa7af.png", "media/images/val_posterior_y_eval_14639_708c02a640d8befaa7af.png"]}, "val_ground_truth": {"_type": "images/separated", "width": 640, "height": 480, "format": "png", "count": 3, "filenames": ["media/images/val_ground_truth_14639_43271b1352aeb96c5d3b.png", "media/images/val_ground_truth_14639_9411610e021ca2b06135.png", "media/images/val_ground_truth_14639_1085a0a16b59171780a4.png"]}, "val_posterior_y": {"_type": "images/separated", "width": 640, "height": 480, "format": "png", "count": 3, "filenames": ["media/images/val_posterior_y_14639_7e0b0c8fb03ba021a0f5.png", "media/images/val_posterior_y_14639_711cb16228cd5b7178d1.png", "media/images/val_posterior_y_14639_3352a26ee2324a7e1c13.png"]}, "tr_ground_truth": {"_type": "images/separated", "width": 640, "height": 480, "format": "png", "count": 3, "filenames": ["media/images/tr_ground_truth_14639_e31a3b890c78cafdf9d7.png", "media/images/tr_ground_truth_14639_3f523ca0ee06b7e26c5b.png", "media/images/tr_ground_truth_14639_111f19eb82fba367fdf9.png"]}, "tr_posterior_y": {"_type": "images/separated", "width": 640, "height": 480, "format": "png", "count": 3, "filenames": ["media/images/tr_posterior_y_14639_8bf58fba2e19e4e835e4.png", "media/images/tr_posterior_y_14639_9b9add2a28d145d425e3.png", "media/images/tr_posterior_y_14639_6192da194ae7d50a341f.png"]}, "_wandb": {"runtime": 229}}