{"loss": 425.1196594238281, "kl_div_tmp": 0.004681072663515806, "nll": 425.114990234375, "predictions_mse": 3.2230162620544434, "_timestamp": 1649245474, "_runtime": 35, "_step": 1466, "val_loss_tmp": 425.1196594238281, "epoch": 0, "data_video": {"_type": "video-file", "path": "media/videos/data_video_1465_5ed3f0ed98997734fea9.gif", "sha256": "5ed3f0ed98997734fea9c7af5126961710b93fa7106f3ea579ff2e26d27483b9", "size": 6303, "width": 640, "height": 480}, "prediction_video": {"_type": "video-file", "path": "media/videos/prediction_video_1466_c523a7e84b143e4f5732.gif", "sha256": "c523a7e84b143e4f57320c9799cd19fc03a419f5c7942e8cd8de9f298913fecd", "size": 6116, "width": 640, "height": 480}, "_wandb": {"runtime": 35}}