{"loss": 66.52000427246094, "kl_div_tmp": 1.651991442486178e-05, "nll": 66.51998901367188, "y_mse": 0.0020855714101344347, "_timestamp": 1649422756, "_runtime": 244, "_step": 14639, "val_loss_tmp": 66.6577377319336, "val_mse": 0.011585300788283348, "val_posterior_std": 0.9999977350234985, "val_y_posx_std": 6.002058228204987e-08, "val_y_posy_std": 1.8623534714379275e-08, "val_y_posz_std": 8.254053440737152e-09, "val_posterior_y_eval": {"_type": "images/separated", "width": 640, "height": 480, "format": "png", "count": 3, "filenames": ["media/images/val_posterior_y_eval_14639_74fa46fa81185607f1d7.png", "media/images/val_posterior_y_eval_14639_74fa46fa81185607f1d7.png", "media/images/val_posterior_y_eval_14639_74fa46fa81185607f1d7.png"]}, "val_ground_truth": {"_type": "images/separated", "width": 640, "height": 480, "format": "png", "count": 3, "filenames": ["media/images/val_ground_truth_14639_43271b1352aeb96c5d3b.png", "media/images/val_ground_truth_14639_9411610e021ca2b06135.png", "media/images/val_ground_truth_14639_1085a0a16b59171780a4.png"]}, "val_posterior_y": {"_type": "images/separated", "width": 640, "height": 480, "format": "png", "count": 3, "filenames": ["media/images/val_posterior_y_14639_da2fc9ff9b46eb7780fc.png", "media/images/val_posterior_y_14639_4615ea8012ac0ab5fc52.png", "media/images/val_posterior_y_14639_7ce5b924241f217c5c95.png"]}, "tr_ground_truth": {"_type": "images/separated", "width": 640, "height": 480, "format": "png", "count": 3, "filenames": ["media/images/tr_ground_truth_14639_e31a3b890c78cafdf9d7.png", "media/images/tr_ground_truth_14639_3f523ca0ee06b7e26c5b.png", "media/images/tr_ground_truth_14639_111f19eb82fba367fdf9.png"]}, "tr_posterior_y": {"_type": "images/separated", "width": 640, "height": 480, "format": "png", "count": 3, "filenames": ["media/images/tr_posterior_y_14639_1c566ee55654461c0b33.png", "media/images/tr_posterior_y_14639_dd3f789fd62e52cb1e6c.png", "media/images/tr_posterior_y_14639_adec33fedacdc2a15a76.png"]}, "_wandb": {"runtime": 244}}