{"loss": 132.90858459472656, "kl_div_tmp": 0.008306805044412613, "nll": 132.90028381347656, "predictions_mse": 0.007960225455462933, "_timestamp": 1649319367, "_runtime": 236, "_step": 14649, "val_loss_tmp": 133.11541748046875, "val_mse": 0.010660873726010323, "data_video": {"_type": "video-file", "path": "media/videos/data_video_14648_d71f22bfaed098156fde.gif", "sha256": "d71f22bfaed098156fde89157c73e55951cf54acb29b9dd7aeda00213fb42933", "size": 6533, "width": 640, "height": 480}, "prediction_video": {"_type": "video-file", "path": "media/videos/prediction_video_14649_c477fc2dab16f8c239b5.gif", "sha256": "c477fc2dab16f8c239b589a7975c09569534cb9c6cc44bac462dfba28520a091", "size": 6488, "width": 640, "height": 480}, "_wandb": {"runtime": 235}}