{"loss": 133.40582275390625, "kl_div_tmp": 0.05269154533743858, "nll": 133.35313415527344, "predictions_mse": 0.014249640516936779, "_timestamp": 1649322030, "_runtime": 127, "_step": 5861, "val_loss_tmp": 133.35614013671875, "val_mse": 0.013643286190927029, "data": {"_type": "video-file", "path": "media/videos/data_5859_d71f22bfaed098156fde.gif", "sha256": "d71f22bfaed098156fde89157c73e55951cf54acb29b9dd7aeda00213fb42933", "size": 6533, "width": 640, "height": 480}, "posterior_prediction": {"_type": "video-file", "path": "media/videos/posterior_prediction_5860_bee4d42e6ae13d1f74f7.gif", "sha256": "bee4d42e6ae13d1f74f74069143db0c23390b55efe6fbd75581dcb13e20c1d20", "size": 6304, "width": 640, "height": 480}, "prior_prediction": {"_type": "video-file", "path": "media/videos/prior_prediction_5861_26e461c080d39ad64e15.gif", "sha256": "26e461c080d39ad64e15598197436ac372d2060d0dbadc4c2e778898591cd933", "size": 6433, "width": 640, "height": 480}, "_wandb": {"runtime": 119}}