{"loss": 425.1196594238281, "kl_div_tmp": 0.004681034944951534, "nll": 425.114990234375, "predictions_mse": 3.2230162620544434, "_timestamp": 1649246287, "_runtime": 38, "_step": 1466, "val_loss_tmp": 425.1196594238281, "epoch": 0, "data_video": {"_type": "video-file", "path": "media/videos/data_video_1465_5ed3f0ed98997734fea9.gif", "sha256": "5ed3f0ed98997734fea9c7af5126961710b93fa7106f3ea579ff2e26d27483b9", "size": 6303, "width": 640, "height": 480}, "prediction_video": {"_type": "video-file", "path": "media/videos/prediction_video_1466_a53b79a87b73bf64798d.gif", "sha256": "a53b79a87b73bf64798d43cb33cb8cd790aef118f7634da867f37db5dc1c4f38", "size": 6115, "width": 640, "height": 480}, "_wandb": {"runtime": 38}}