{"loss": 162.71072387695312, "kl_div_tmp": 96.07709503173828, "nll": 66.63362121582031, "y_mean_r": 0.12851087749004364, "_timestamp": 1649496218, "_runtime": 52, "_step": 2200, "val_loss_tmp": 155.02853393554688, "val_y_mean_r": 0.12153282016515732, "val_posterior_std": 1.000118374824524, "val_y_posx_std": 0.08474395424127579, "val_y_posy_std": 0.054251305758953094, "val_y_posz_std": 0.056670237332582474, "val_posterior_y_eval": {"_type": "images/separated", "width": 640, "height": 480, "format": "png", "count": 3, "filenames": ["media/images/val_posterior_y_eval_1467_90cce757d7f9d041317e.png", "media/images/val_posterior_y_eval_1467_9e0c69991c1d93b65759.png", "media/images/val_posterior_y_eval_1467_e8b1529b11d35674f30a.png"]}, "val_ground_truth": {"_type": "images/separated", "width": 640, "height": 480, "format": "png", "count": 3, "filenames": ["media/images/val_ground_truth_1467_428ed07a73508f9b1030.png", "media/images/val_ground_truth_1467_10b602f154e735739e79.png", "media/images/val_ground_truth_1467_76123438e98e6f5cacdd.png"]}, "val_posterior_y": {"_type": "images/separated", "width": 640, "height": 480, "format": "png", "count": 3, "filenames": ["media/images/val_posterior_y_1467_a52dc00b003bee7d7600.png", "media/images/val_posterior_y_1467_5439201e040e5acd5b00.png", "media/images/val_posterior_y_1467_95587b7f6616d992aece.png"]}, "tr_ground_truth": {"_type": "images/separated", "width": 640, "height": 480, "format": "png", "count": 3, "filenames": ["media/images/tr_ground_truth_1467_c6ad48cb6ddedb907564.png", "media/images/tr_ground_truth_1467_a738fefc3967ab6ee4f8.png", "media/images/tr_ground_truth_1467_89f659c03bfb29b45dcf.png"]}, "tr_posterior_y": {"_type": "images/separated", "width": 640, "height": 480, "format": "png", "count": 3, "filenames": ["media/images/tr_posterior_y_1467_b01b6a560c1ca0e22438.png", "media/images/tr_posterior_y_1467_3cb19a399d985d702e8e.png", "media/images/tr_posterior_y_1467_a6bdc74b727a1926bb2f.png"]}}