{"loss": 71.2352523803711, "kl_div_tmp": 2.045140027999878, "nll": 69.19010925292969, "y_mse": 0.08407033979892731, "_timestamp": 1649402703, "_runtime": 45, "_step": 2927, "val_loss_tmp": 70.86833190917969, "val_mse": 0.07733730226755142, "val_y_pos_std": 0.01863304153084755, "_wandb": {"runtime": 50}}