{"loss": 17.631450653076172, "kl_div_tmp": 0.018124131485819817, "nll": 17.613327026367188, "y_mean_r": 0.06598158925771713, "_timestamp": 1649425336, "_runtime": 253, "_step": 14639, "val_loss_tmp": 17.49342155456543, "val_y_mean_r": 0.06391439586877823, "val_posterior_std": 0.3422955572605133, "val_y_posx_std": 0.00010063251829706132, "val_y_posy_std": 0.00040086492663249373, "val_y_posz_std": 0.0014581992290914059, "val_posterior_y_eval": {"_type": "images/separated", "width": 640, "height": 480, "format": "png", "count": 3, "filenames": ["media/images/val_posterior_y_eval_14639_fa524db5f51ec77c01d9.png", "media/images/val_posterior_y_eval_14639_febf000c8af381686d5a.png", "media/images/val_posterior_y_eval_14639_c1580c225d4e84e8f5dd.png"]}, "val_ground_truth": {"_type": "images/separated", "width": 640, "height": 480, "format": "png", "count": 3, "filenames": ["media/images/val_ground_truth_14639_43271b1352aeb96c5d3b.png", "media/images/val_ground_truth_14639_9411610e021ca2b06135.png", "media/images/val_ground_truth_14639_1085a0a16b59171780a4.png"]}, "val_posterior_y": {"_type": "images/separated", "width": 640, "height": 480, "format": "png", "count": 3, "filenames": ["media/images/val_posterior_y_14639_9e53cc8a5db3d540c210.png", "media/images/val_posterior_y_14639_03d5276edd33e5dd46f1.png", "media/images/val_posterior_y_14639_e9c8f8998125281683b6.png"]}, "tr_ground_truth": {"_type": "images/separated", "width": 640, "height": 480, "format": "png", "count": 3, "filenames": ["media/images/tr_ground_truth_14639_e31a3b890c78cafdf9d7.png", "media/images/tr_ground_truth_14639_3f523ca0ee06b7e26c5b.png", "media/images/tr_ground_truth_14639_111f19eb82fba367fdf9.png"]}, "tr_posterior_y": {"_type": "images/separated", "width": 640, "height": 480, "format": "png", "count": 3, "filenames": ["media/images/tr_posterior_y_14639_bb56ecf097dd4ac5bd6e.png", "media/images/tr_posterior_y_14639_827ce6b495f3e11948ac.png", "media/images/tr_posterior_y_14639_2380914e4d15e90ee58a.png"]}, "_wandb": {"runtime": 253}}