{"loss": 26.72430419921875, "kl_div_tmp": 0.013928585685789585, "nll": 26.72430419921875, "y_mean_r": 0.4646923542022705, "_timestamp": 1649433819, "_runtime": 28, "_step": 732, "val_loss_tmp": 23.885570526123047, "val_y_mean_r": 0.480848491191864, "val_posterior_std": 0.47099632024765015, "val_y_posx_std": 0.014688624069094658, "val_y_posy_std": 0.008045134134590626, "val_y_posz_std": 0.009893260896205902}