{"loss": 2148.837890625, "kl_div_tmp": 18.637496948242188, "nll": 2130.200439453125, "predictions_mse": 57.334354400634766, "_timestamp": 1649336788, "_runtime": 74, "_step": 2927, "val_loss_tmp": 1995.918212890625, "val_mse": 53.16375732421875, "_wandb": {"runtime": 75}}