{"loss": 66.67265319824219, "kl_div_tmp": 0.18209490180015564, "nll": 66.49055480957031, "y_mean_r": 0.06484738737344742, "_timestamp": 1649496680, "_runtime": 70, "_step": 3437, "val_loss_tmp": 66.71406555175781, "val_y_mean_r": 0.06496734917163849, "val_posterior_std": 0.9999118447303772, "val_y_posx_std": 0.007206972222775221, "val_y_posy_std": 0.002778084948658943, "val_y_posz_std": 0.005107149016112089, "val_posterior_y_eval": {"_type": "images/separated", "width": 640, "height": 480, "format": "png", "count": 3, "filenames": ["media/images/val_posterior_y_eval_2935_9f13c9fc0c2e48ce1a5d.png", "media/images/val_posterior_y_eval_2935_fb2942c06ccdff718656.png", "media/images/val_posterior_y_eval_2935_7f8b8fea1f2291adbb47.png"]}, "val_ground_truth": {"_type": "images/separated", "width": 640, "height": 480, "format": "png", "count": 3, "filenames": ["media/images/val_ground_truth_2935_a8fd245f4d5c5b52f978.png", "media/images/val_ground_truth_2935_825756fa236aa7a24b69.png", "media/images/val_ground_truth_2935_e31f087963f0e106dc49.png"]}, "val_posterior_y": {"_type": "images/separated", "width": 640, "height": 480, "format": "png", "count": 3, "filenames": ["media/images/val_posterior_y_2935_84276fc2359e99b54d8c.png", "media/images/val_posterior_y_2935_f3b8e597a0c4f260a634.png", "media/images/val_posterior_y_2935_7003bcfdd2cf98cf28a5.png"]}, "tr_ground_truth": {"_type": "images/separated", "width": 640, "height": 480, "format": "png", "count": 3, "filenames": ["media/images/tr_ground_truth_2935_916077833c776de033cb.png", "media/images/tr_ground_truth_2935_3a05947bff7d8c77ab69.png", "media/images/tr_ground_truth_2935_a078c1b510d8762cd405.png"]}, "tr_posterior_y": {"_type": "images/separated", "width": 640, "height": 480, "format": "png", "count": 3, "filenames": ["media/images/tr_posterior_y_2935_425de37debdae1a76354.png", "media/images/tr_posterior_y_2935_d6fc94726c8bc1d7ce94.png", "media/images/tr_posterior_y_2935_0bf337f3987a1052aaf6.png"]}}