{"loss": 68.2267074584961, "kl_div_tmp": 1.729341745376587, "nll": 66.49736785888672, "y_mean_r": 0.07973860204219818, "_timestamp": 1649496118, "_runtime": 98, "_step": 5136, "val_loss_tmp": 68.23308563232422, "val_y_mean_r": 0.07919803261756897, "val_posterior_std": 0.9999462366104126, "val_y_posx_std": 0.04210302606225014, "val_y_posy_std": 0.01780378632247448, "val_y_posz_std": 0.01588044874370098, "val_posterior_y_eval": {"_type": "images/separated", "width": 640, "height": 480, "format": "png", "count": 3, "filenames": ["media/images/val_posterior_y_eval_4403_1fbc4b175adb615d7cb6.png", "media/images/val_posterior_y_eval_4403_c9e41a9cee55d04dd0b8.png", "media/images/val_posterior_y_eval_4403_9fa9b56f0e065e6ede5b.png"]}, "val_ground_truth": {"_type": "images/separated", "width": 640, "height": 480, "format": "png", "count": 3, "filenames": ["media/images/val_ground_truth_4403_2d656ee4d0e2962c097d.png", "media/images/val_ground_truth_4403_a9c250cb4a610924e70c.png", "media/images/val_ground_truth_4403_a1c287a99fb979361c26.png"]}, "val_posterior_y": {"_type": "images/separated", "width": 640, "height": 480, "format": "png", "count": 3, "filenames": ["media/images/val_posterior_y_4403_75f0e8316d20b856c481.png", "media/images/val_posterior_y_4403_720edca17f77d5c56ee8.png", "media/images/val_posterior_y_4403_30986695ada012356019.png"]}, "tr_ground_truth": {"_type": "images/separated", "width": 640, "height": 480, "format": "png", "count": 3, "filenames": ["media/images/tr_ground_truth_4403_76257e975081f43f04b1.png", "media/images/tr_ground_truth_4403_5ca333511bb924ab707d.png", "media/images/tr_ground_truth_4403_c9fe76288e7f54790576.png"]}, "tr_posterior_y": {"_type": "images/separated", "width": 640, "height": 480, "format": "png", "count": 3, "filenames": ["media/images/tr_posterior_y_4403_d7a21cc59b284ab5dc84.png", "media/images/tr_posterior_y_4403_2a6baea7a50c96c247ec.png", "media/images/tr_posterior_y_4403_143db8d62db07506be34.png"]}}