{"loss": 133.0433807373047, "kl_div_tmp": 0.012277908623218536, "nll": 133.03109741210938, "predictions_mse": 0.009777046740055084, "_timestamp": 1649255380, "_runtime": 56, "_step": 1466, "val_loss_tmp": 133.0433807373047, "epoch": 0, "data_video": {"_type": "video-file", "path": "media/videos/data_video_1465_85ea7b2849a8c61b0da7.gif", "sha256": "85ea7b2849a8c61b0da7147eb5214fee9d85856d0d9d17daa6198b35313f5b43", "size": 6562, "width": 640, "height": 480}, "prediction_video": {"_type": "video-file", "path": "media/videos/prediction_video_1466_535b7160aba68138c71f.gif", "sha256": "535b7160aba68138c71f95450d817120bf8bdecf40166eb865f2688a2496cff0", "size": 6602, "width": 640, "height": 480}, "_wandb": {"runtime": 55}}