{"loss": 66331.8828125, "kl_div_tmp": 39.00849914550781, "nll": 66292.875, "y_mean_r": 0.06669139862060547, "_timestamp": 1649496396, "_runtime": 136, "_step": 7339, "val_loss_tmp": 66327.75, "val_y_mean_r": 0.06441032886505127, "val_posterior_std": 0.13333158195018768, "val_y_posx_std": 0.017028488218784332, "val_y_posy_std": 0.009263239800930023, "val_y_posz_std": 0.010289348661899567, "val_posterior_y_eval": {"_type": "images/separated", "width": 640, "height": 480, "format": "png", "count": 3, "filenames": ["media/images/val_posterior_y_eval_7339_8824717a06f5a1ed2ff9.png", "media/images/val_posterior_y_eval_7339_198622d02f1cf78aa323.png", "media/images/val_posterior_y_eval_7339_893d71539d88365275ea.png"]}, "val_ground_truth": {"_type": "images/separated", "width": 640, "height": 480, "format": "png", "count": 3, "filenames": ["media/images/val_ground_truth_7339_a907da4c9b64111e3155.png", "media/images/val_ground_truth_7339_78896f77f0d415e94176.png", "media/images/val_ground_truth_7339_03fa63bb544cb578d1a7.png"]}, "val_posterior_y": {"_type": "images/separated", "width": 640, "height": 480, "format": "png", "count": 3, "filenames": ["media/images/val_posterior_y_7339_7f04b3e757623d199dc1.png", "media/images/val_posterior_y_7339_088c20aeb7a2c26d4224.png", "media/images/val_posterior_y_7339_354309161063eb3f8b22.png"]}, "tr_ground_truth": {"_type": "images/separated", "width": 640, "height": 480, "format": "png", "count": 3, "filenames": ["media/images/tr_ground_truth_7339_3ff99de3998375bd8f57.png", "media/images/tr_ground_truth_7339_f7400f8fe66640fb1ff8.png", "media/images/tr_ground_truth_7339_25cd96d11d0e9b9096a9.png"]}, "tr_posterior_y": {"_type": "images/separated", "width": 640, "height": 480, "format": "png", "count": 3, "filenames": ["media/images/tr_posterior_y_7339_2356a5941dc88a816f5b.png", "media/images/tr_posterior_y_7339_ad4ff58aa35b968cf762.png", "media/images/tr_posterior_y_7339_5ec76fc9af3dd8d1124f.png"]}}