{"loss": 26.207658767700195, "kl_div_tmp": 3.1510109901428223, "nll": 23.05664825439453, "y_mean_r": 0.3453851640224457, "_timestamp": 1649433924, "_runtime": 57, "_step": 1518, "val_loss_tmp": 27.335834503173828, "val_y_mean_r": 0.49789857864379883, "val_posterior_std": 0.6515253186225891, "val_y_posx_std": 0.007631128188222647, "val_y_posy_std": 0.0031162977684289217, "val_y_posz_std": 0.003074179869145155, "val_posterior_y_eval": {"_type": "images/separated", "width": 640, "height": 480, "format": "png", "count": 3, "filenames": ["media/images/val_posterior_y_eval_1467_a9d7aaa002e27bc763e9.png", "media/images/val_posterior_y_eval_1467_f4bc875b99d339606678.png", "media/images/val_posterior_y_eval_1467_af5cbc9c3c8717b8e7a2.png"]}, "val_ground_truth": {"_type": "images/separated", "width": 640, "height": 480, "format": "png", "count": 3, "filenames": ["media/images/val_ground_truth_1467_428ed07a73508f9b1030.png", "media/images/val_ground_truth_1467_10b602f154e735739e79.png", "media/images/val_ground_truth_1467_76123438e98e6f5cacdd.png"]}, "val_posterior_y": {"_type": "images/separated", "width": 640, "height": 480, "format": "png", "count": 3, "filenames": ["media/images/val_posterior_y_1467_d3253191df1059bf1809.png", "media/images/val_posterior_y_1467_5fbeb0d67434ad071ecb.png", "media/images/val_posterior_y_1467_8c43ed890240eb6b5ed4.png"]}, "tr_ground_truth": {"_type": "images/separated", "width": 640, "height": 480, "format": "png", "count": 3, "filenames": ["media/images/tr_ground_truth_1467_c6ad48cb6ddedb907564.png", "media/images/tr_ground_truth_1467_a738fefc3967ab6ee4f8.png", "media/images/tr_ground_truth_1467_89f659c03bfb29b45dcf.png"]}, "tr_posterior_y": {"_type": "images/separated", "width": 640, "height": 480, "format": "png", "count": 3, "filenames": ["media/images/tr_posterior_y_1467_8c091fd56de9e8da158f.png", "media/images/tr_posterior_y_1467_8cbe461850e1573e4b1d.png", "media/images/tr_posterior_y_1467_071d3a8c25d99c98ca98.png"]}}