{"loss": 66.52112579345703, "kl_div_tmp": 9.808212053030729e-05, "nll": 66.52102661132812, "y_mse": 0.0019250826444476843, "_timestamp": 1649419229, "_runtime": 180, "_step": 14639, "val_loss_tmp": 66.49034881591797, "val_mse": 0.0022346321493387222, "val_y_posx_std": 0.00010714255040511489, "val_y_posy_std": 7.629068568348885e-05, "val_y_posz_std": 9.6544848929625e-05, "val_posterior_y_eval": {"_type": "images/separated", "width": 640, "height": 480, "format": "png", "count": 3, "filenames": ["media/images/val_posterior_y_eval_14639_c9ceb416c8ebefb0ae23.png", "media/images/val_posterior_y_eval_14639_8bcd56cc045d8831252f.png", "media/images/val_posterior_y_eval_14639_f1bd92c2c4f7a5c63976.png"]}, "val_ground_truth": {"_type": "images/separated", "width": 640, "height": 480, "format": "png", "count": 3, "filenames": ["media/images/val_ground_truth_14639_43271b1352aeb96c5d3b.png", "media/images/val_ground_truth_14639_9411610e021ca2b06135.png", "media/images/val_ground_truth_14639_1085a0a16b59171780a4.png"]}, "val_posterior_y": {"_type": "images/separated", "width": 640, "height": 480, "format": "png", "count": 3, "filenames": ["media/images/val_posterior_y_14639_8198eceaa92886214512.png", "media/images/val_posterior_y_14639_9a693a2aa64543edf758.png", "media/images/val_posterior_y_14639_367ddbdbdaa799fd8db8.png"]}, "tr_ground_truth": {"_type": "images/separated", "width": 640, "height": 480, "format": "png", "count": 3, "filenames": ["media/images/tr_ground_truth_14639_e31a3b890c78cafdf9d7.png", "media/images/tr_ground_truth_14639_3f523ca0ee06b7e26c5b.png", "media/images/tr_ground_truth_14639_111f19eb82fba367fdf9.png"]}, "tr_posterior_y": {"_type": "images/separated", "width": 640, "height": 480, "format": "png", "count": 3, "filenames": ["media/images/tr_posterior_y_14639_ebe51c1682dfb8e2e20a.png", "media/images/tr_posterior_y_14639_031f9af964c50ff9b238.png", "media/images/tr_posterior_y_14639_ef2542e63dddbb662773.png"]}, "_wandb": {"runtime": 181}}