{"loss": 165645.1875, "kl_div_tmp": 53.8038330078125, "nll": 165591.390625, "y_mean_r": 0.05082368105649948, "_timestamp": 1649508138, "_runtime": 61, "_step": 2930, "val_loss_tmp": 165678.375, "val_y_mean_r": 0.05697302520275116, "val_posterior_std": 0.0503799133002758, "val_y_posx_std": 0.012749666348099709, "val_y_posy_std": 0.008883679285645485, "val_y_posz_std": 0.026173721998929977, "val_posterior_y_eval": {"_type": "images/separated", "width": 640, "height": 480, "format": "png", "count": 3, "filenames": ["media/images/val_posterior_y_eval_2198_36216d75df8a932870c2.png", "media/images/val_posterior_y_eval_2198_aa2aa783235f0c4b0599.png", "media/images/val_posterior_y_eval_2198_316252a845ff1829f70f.png"]}, "val_ground_truth": {"_type": "images/separated", "width": 640, "height": 480, "format": "png", "count": 3, "filenames": ["media/images/val_ground_truth_2198_6c97f6c4d2e4516217c0.png", "media/images/val_ground_truth_2198_26c48903e1eb4c05d6a6.png", "media/images/val_ground_truth_2198_b4684ac75da3d36c8a6c.png"]}, "val_posterior_y": {"_type": "images/separated", "width": 640, "height": 480, "format": "png", "count": 3, "filenames": ["media/images/val_posterior_y_2198_67c2b1e9852c571e222d.png", "media/images/val_posterior_y_2198_7aa00b8ce45a10d3a13f.png", "media/images/val_posterior_y_2198_1851ff29849e8a1f702d.png"]}, "tr_ground_truth": {"_type": "images/separated", "width": 640, "height": 480, "format": "png", "count": 3, "filenames": ["media/images/tr_ground_truth_2198_7af636812b4f57b6cc48.png", "media/images/tr_ground_truth_2198_278f5686b860edb2d8cb.png", "media/images/tr_ground_truth_2198_ae4e5ab70bc959767889.png"]}, "tr_posterior_y": {"_type": "images/separated", "width": 640, "height": 480, "format": "png", "count": 3, "filenames": ["media/images/tr_posterior_y_2198_315a8aa9d1424b7a5180.png", "media/images/tr_posterior_y_2198_d4b62d990207b7544809.png", "media/images/tr_posterior_y_2198_6147355c4472ee93c26b.png"]}}