{"loss": 32.75691604614258, "kl_div_tmp": 14.497405052185059, "nll": 18.259510040283203, "y_mean_r": 0.14475217461585999, "_timestamp": 1649434495, "_runtime": 109, "_step": 3669, "val_loss_tmp": 28.073183059692383, "val_y_mean_r": 0.47830069065093994, "val_posterior_std": 0.9572225213050842, "val_y_posx_std": 5.5380027333740145e-05, "val_y_posy_std": 3.981407189712627e-06, "val_y_posz_std": 1.2121089412175934e-06, "val_posterior_y_eval": {"_type": "images/separated", "width": 640, "height": 480, "format": "png", "count": 3, "filenames": ["media/images/val_posterior_y_eval_3669_5bcacdce7f1723c2e88b.png", "media/images/val_posterior_y_eval_3669_40ce5807e5d847f9d240.png", "media/images/val_posterior_y_eval_3669_cebbf07b7fe978f07c03.png"]}, "val_ground_truth": {"_type": "images/separated", "width": 640, "height": 480, "format": "png", "count": 3, "filenames": ["media/images/val_ground_truth_3669_132cde3bace18c6fa937.png", "media/images/val_ground_truth_3669_23068bb706a4c6f88963.png", "media/images/val_ground_truth_3669_b3887087da2f5506c730.png"]}, "val_posterior_y": {"_type": "images/separated", "width": 640, "height": 480, "format": "png", "count": 3, "filenames": ["media/images/val_posterior_y_3669_5ccfb1ef93b8cbe08616.png", "media/images/val_posterior_y_3669_62abfec9b35a0314f2be.png", "media/images/val_posterior_y_3669_0078c3e165d013960524.png"]}, "tr_ground_truth": {"_type": "images/separated", "width": 640, "height": 480, "format": "png", "count": 3, "filenames": ["media/images/tr_ground_truth_3669_00cfea8624099e14e4ce.png", "media/images/tr_ground_truth_3669_6d6372b90ea78f90c39d.png", "media/images/tr_ground_truth_3669_2989b1458cce3787a1fb.png"]}, "tr_posterior_y": {"_type": "images/separated", "width": 640, "height": 480, "format": "png", "count": 3, "filenames": ["media/images/tr_posterior_y_3669_5930711ca9173917b91b.png", "media/images/tr_posterior_y_3669_6a2835f8dd4a17caf2c9.png", "media/images/tr_posterior_y_3669_99faa3539dd8b533a302.png"]}, "_wandb": {"runtime": 109}}