{"loss": 26.715389251708984, "kl_div_tmp": 13.935699462890625, "nll": 26.715389251708984, "y_mean_r": 0.4645056426525116, "_timestamp": 1649434137, "_runtime": 20, "_step": 731}