{"loss": 18.251651763916016, "kl_div_tmp": 122092.890625, "nll": 18.251651763916016, "y_mean_r": 0.14131009578704834, "_timestamp": 1649434284, "_runtime": 105, "_step": 3669, "val_loss_tmp": 51636.3671875, "val_y_mean_r": 0.09231428056955338, "val_posterior_std": 0.19421541690826416, "val_y_posx_std": 0.0048791877925395966, "val_y_posy_std": 8.204582263715565e-05, "val_y_posz_std": 0.00022581883240491152, "val_posterior_y_eval": {"_type": "images/separated", "width": 640, "height": 480, "format": "png", "count": 3, "filenames": ["media/images/val_posterior_y_eval_3669_d1d78f72e1f62d424eab.png", "media/images/val_posterior_y_eval_3669_096daeb3f0bb18d35101.png", "media/images/val_posterior_y_eval_3669_2b63ca7313e83685ed15.png"]}, "val_ground_truth": {"_type": "images/separated", "width": 640, "height": 480, "format": "png", "count": 3, "filenames": ["media/images/val_ground_truth_3669_132cde3bace18c6fa937.png", "media/images/val_ground_truth_3669_23068bb706a4c6f88963.png", "media/images/val_ground_truth_3669_b3887087da2f5506c730.png"]}, "val_posterior_y": {"_type": "images/separated", "width": 640, "height": 480, "format": "png", "count": 3, "filenames": ["media/images/val_posterior_y_3669_b151e5967c2293016943.png", "media/images/val_posterior_y_3669_013a8b63ead2115671cb.png", "media/images/val_posterior_y_3669_c3b43d982be2a2ea82ff.png"]}, "tr_ground_truth": {"_type": "images/separated", "width": 640, "height": 480, "format": "png", "count": 3, "filenames": ["media/images/tr_ground_truth_3669_00cfea8624099e14e4ce.png", "media/images/tr_ground_truth_3669_6d6372b90ea78f90c39d.png", "media/images/tr_ground_truth_3669_2989b1458cce3787a1fb.png"]}, "tr_posterior_y": {"_type": "images/separated", "width": 640, "height": 480, "format": "png", "count": 3, "filenames": ["media/images/tr_posterior_y_3669_803936fdfd53e54c73c5.png", "media/images/tr_posterior_y_3669_51cb61a07fa0082b4247.png", "media/images/tr_posterior_y_3669_bea0be05e0041cc0e551.png"]}, "_wandb": {"runtime": 105}}