{"loss": 133.0775604248047, "kl_div_tmp": 0.009135730564594269, "nll": 133.06842041015625, "predictions_mse": 0.010295378044247627, "_timestamp": 1649258721, "_runtime": 318, "_step": 14649, "val_loss_tmp": 132.99655151367188, "val_mse": 0.009139401838183403, "epoch": 4, "data_video": {"_type": "video-file", "path": "media/videos/data_video_14648_85ea7b2849a8c61b0da7.gif", "sha256": "85ea7b2849a8c61b0da7147eb5214fee9d85856d0d9d17daa6198b35313f5b43", "size": 6562, "width": 640, "height": 480}, "prediction_video": {"_type": "video-file", "path": "media/videos/prediction_video_14649_b510e2d66734006ee268.gif", "sha256": "b510e2d66734006ee2689fcc12476a948cce339d974f16817f03fe53e0cb415a", "size": 6609, "width": 640, "height": 480}, "_wandb": {"runtime": 310}}