{"loss": 66.95027923583984, "kl_div_tmp": 0.023251064121723175, "nll": 66.9270248413086, "y_mse": 0.3426320254802704, "_timestamp": 1649414445, "_runtime": 38, "_step": 2925, "_wandb": {"runtime": 40}}