{"loss": 66.51465606689453, "kl_div_tmp": 4.5699482143390924e-05, "nll": 66.51461029052734, "y_mse": 0.0019004642963409424, "_timestamp": 1649418653, "_runtime": 191, "_step": 14639, "val_loss_tmp": 66.48920440673828, "val_mse": 0.0021819896064698696, "val_y_posx_std": 2.1395375370047987e-05, "val_y_posy_std": 1.944764562722412e-06, "val_y_posz_std": 4.422573510964867e-06, "val_posterior_y_eval": {"_type": "images/separated", "width": 640, "height": 480, "format": "png", "count": 3, "filenames": ["media/images/val_posterior_y_eval_14639_e24777925fe75d96ca64.png", "media/images/val_posterior_y_eval_14639_b3b86c160cde13c240e0.png", "media/images/val_posterior_y_eval_14639_25e497f1f82631062c27.png"]}, "val_ground_truth": {"_type": "images/separated", "width": 640, "height": 480, "format": "png", "count": 3, "filenames": ["media/images/val_ground_truth_14639_43271b1352aeb96c5d3b.png", "media/images/val_ground_truth_14639_9411610e021ca2b06135.png", "media/images/val_ground_truth_14639_1085a0a16b59171780a4.png"]}, "val_posterior_y": {"_type": "images/separated", "width": 640, "height": 480, "format": "png", "count": 3, "filenames": ["media/images/val_posterior_y_14639_82081167737d30bf9db9.png", "media/images/val_posterior_y_14639_d76f1f51a3b100a691c8.png", "media/images/val_posterior_y_14639_633ef557cd4f5f2c658a.png"]}, "tr_ground_truth": {"_type": "images/separated", "width": 640, "height": 480, "format": "png", "count": 3, "filenames": ["media/images/tr_ground_truth_14639_e31a3b890c78cafdf9d7.png", "media/images/tr_ground_truth_14639_3f523ca0ee06b7e26c5b.png", "media/images/tr_ground_truth_14639_111f19eb82fba367fdf9.png"]}, "tr_posterior_y": {"_type": "images/separated", "width": 640, "height": 480, "format": "png", "count": 3, "filenames": ["media/images/tr_posterior_y_14639_7e197e4ad7d3d6b9704a.png", "media/images/tr_posterior_y_14639_f9e7dce1b7176cccb45b.png", "media/images/tr_posterior_y_14639_682355b58694fc832176.png"]}, "_wandb": {"runtime": 191}}