{"loss": 66.45660400390625, "kl_div_tmp": 0.008088817819952965, "nll": 66.44851684570312, "y_mse": 0.3278704881668091, "_timestamp": 1649407642, "_runtime": 834, "_step": 40990, "val_loss_tmp": 66.46095275878906, "val_mse": 0.3256731927394867, "val_y_pos_std": 0.005937703885138035, "val_prior_y": {"_type": "images/separated", "width": 640, "height": 480, "format": "png", "count": 10, "filenames": ["media/images/val_prior_y_38063_3c6b9a7ab333a4582b1a.png", "media/images/val_prior_y_38063_0d6eee126fce3e7f773a.png", "media/images/val_prior_y_38063_fb6144260778b5824d11.png", "media/images/val_prior_y_38063_4e2eb3f346a2f9152cb6.png", "media/images/val_prior_y_38063_c2c7ca342d8cd0a74812.png", "media/images/val_prior_y_38063_3088ff5408056f7509fb.png", "media/images/val_prior_y_38063_beab71e7a1d3e443669a.png", "media/images/val_prior_y_38063_360403bdff5bfdebbc68.png", "media/images/val_prior_y_38063_a19e41b7eaee1d16ca7f.png", "media/images/val_prior_y_38063_de229da22b6f3b2c2951.png"]}, "val_ground_truth": {"_type": "images/separated", "width": 640, "height": 480, "format": "png", "count": 10, "filenames": ["media/images/val_ground_truth_38063_90971c532363c7da4009.png", "media/images/val_ground_truth_38063_b95247f8fd70a88a8ed9.png", "media/images/val_ground_truth_38063_e5a867c667f127a16565.png", "media/images/val_ground_truth_38063_8546827a5b2cdd5c6f75.png", "media/images/val_ground_truth_38063_3a8ec3e61ece6045ba2e.png", "media/images/val_ground_truth_38063_6da28c340ad47976d139.png", "media/images/val_ground_truth_38063_cfb264102ad813828777.png", "media/images/val_ground_truth_38063_df10a8944b573f4e8bc4.png", "media/images/val_ground_truth_38063_0149ce80de866c98bea8.png", "media/images/val_ground_truth_38063_91f3043c4293e24da087.png"]}, "val_posterior_y": {"_type": "images/separated", "width": 640, "height": 480, "format": "png", "count": 10, "filenames": ["media/images/val_posterior_y_38063_e296b962386f7c108bac.png", "media/images/val_posterior_y_38063_24a7c09b272b0b5d87cd.png", "media/images/val_posterior_y_38063_9d56b5f42fbe93e4983e.png", "media/images/val_posterior_y_38063_9b034ae548f92157287f.png", "media/images/val_posterior_y_38063_3cc46240f694a7508a04.png", "media/images/val_posterior_y_38063_b40f39ba3cee97dd160c.png", "media/images/val_posterior_y_38063_b42f6e91cc5a20a69f6f.png", "media/images/val_posterior_y_38063_eb9fd932211f0c5f79aa.png", "media/images/val_posterior_y_38063_5bdeb46c80271ad5849b.png", "media/images/val_posterior_y_38063_3860fd4507312c20d703.png"]}, "tr_ground_truth": {"_type": "images/separated", "width": 640, "height": 480, "format": "png", "count": 10, "filenames": ["media/images/tr_ground_truth_38063_ee922017761440b05b19.png", "media/images/tr_ground_truth_38063_51ba063ef5a54c479472.png", "media/images/tr_ground_truth_38063_0229dba94586fc1b34d4.png", "media/images/tr_ground_truth_38063_db5e9c89940ee88c6c55.png", "media/images/tr_ground_truth_38063_ddf5eb8e55e9ccc4fc28.png", "media/images/tr_ground_truth_38063_8a4bb13e417e028bcfb8.png", "media/images/tr_ground_truth_38063_0e40495876885c1e112e.png", "media/images/tr_ground_truth_38063_a599bd80a116a868b2b2.png", "media/images/tr_ground_truth_38063_6d0c35184a43ae121abf.png", "media/images/tr_ground_truth_38063_cc0016507a4df4dc3bf1.png"]}, "tr_posterior_y": {"_type": "images/separated", "width": 640, "height": 480, "format": "png", "count": 10, "filenames": ["media/images/tr_posterior_y_38063_24fe2a396ff9e2d11a23.png", "media/images/tr_posterior_y_38063_0568a92097e04412265e.png", "media/images/tr_posterior_y_38063_c6048de213684cb651aa.png", "media/images/tr_posterior_y_38063_ab1d06523d630be7d191.png", "media/images/tr_posterior_y_38063_3992b2a1d69fd08207d1.png", "media/images/tr_posterior_y_38063_465d6066cbedfd7fd7e3.png", "media/images/tr_posterior_y_38063_b56357ab0f0e3a3bf376.png", "media/images/tr_posterior_y_38063_2c183d60e4e2bb92c566.png", "media/images/tr_posterior_y_38063_d5ae84948df064c456b7.png", "media/images/tr_posterior_y_38063_245a4f1413dcf105355b.png"]}}