{"loss": 143.77435302734375, "kl_div_tmp": 11.001911163330078, "nll": 132.77244567871094, "predictions_mse": 0.0061844936572015285, "_timestamp": 1649325259, "_runtime": 346, "_step": 14679, "val_loss_tmp": 133.28842163085938, "val_mse": 0.009859273210167885, "prior_prediction": {"_type": "video-file", "path": "media/videos/prior_prediction_14677_11d3c86ca747698dc51e.gif", "sha256": "11d3c86ca747698dc51e804e56adb6f5bfeaaf64f89b34d8807cfabdb378da68", "size": 6373, "width": 640, "height": 480}, "data": {"_type": "video-file", "path": "media/videos/data_14678_d71f22bfaed098156fde.gif", "sha256": "d71f22bfaed098156fde89157c73e55951cf54acb29b9dd7aeda00213fb42933", "size": 6533, "width": 640, "height": 480}, "posterior_prediction": {"_type": "video-file", "path": "media/videos/posterior_prediction_14679_4a54a8a38dbe8c3bb554.gif", "sha256": "4a54a8a38dbe8c3bb554c46582a2a6ef9b3eab93da7e94f2e11e428f86368ea3", "size": 6456, "width": 640, "height": 480}, "_wandb": {"runtime": 346}}