{"loss": 71.2352523803711, "kl_div_tmp": 2.045140027999878, "nll": 69.19010925292969, "y_mse": 0.08407033979892731, "_timestamp": 1649401476, "_runtime": 36, "_step": 2926, "_wandb": {"runtime": 35}}