{"loss": 428.4559020996094, "kl_div_tmp": 0.022303586825728416, "nll": 428.43359375, "predictions_mse": 3.262523651123047, "_timestamp": 1649238998, "_runtime": 30, "_step": 1466, "val_loss": 428.4559020996094, "epoch": 0, "data_video": {"_type": "video-file", "path": "media/videos/data_video_1465_5ed3f0ed98997734fea9.gif", "sha256": "5ed3f0ed98997734fea9c7af5126961710b93fa7106f3ea579ff2e26d27483b9", "size": 6303, "width": 640, "height": 480}, "prediction_video": {"_type": "video-file", "path": "media/videos/prediction_video_1466_2ecfb0a2658ba6d904fa.gif", "sha256": "2ecfb0a2658ba6d904fa845ba024fce7d2ec15494ee7a8d1bf8a9bd7d0a8b9ce", "size": 5958, "width": 640, "height": 480}, "_wandb": {"runtime": 30}}