{"loss": 132.9985809326172, "kl_div_tmp": 0.012773001566529274, "nll": 132.98580932617188, "predictions_mse": 0.00914823915809393, "_timestamp": 1649258155, "_runtime": 284, "_step": 13996, "val_loss_tmp": 132.96946716308594, "epoch": 3, "data_video": {"_type": "video-file", "path": "media/videos/data_video_11718_85ea7b2849a8c61b0da7.gif", "sha256": "85ea7b2849a8c61b0da7147eb5214fee9d85856d0d9d17daa6198b35313f5b43", "size": 6562, "width": 640, "height": 480}, "prediction_video": {"_type": "video-file", "path": "media/videos/prediction_video_11719_0526b8036c6660939da2.gif", "sha256": "0526b8036c6660939da2c0ccb80a90714fb0b3a10aa6f075ab18e53c3a45c9a4", "size": 6657, "width": 640, "height": 480}}