{"test_im": {"_type": "image-file", "path": "media/images/test_im_0_88fbaa8d4218520a7e4f.png", "sha256": "88fbaa8d4218520a7e4f379bf5c710124483f7e2ec3b61d1ade38c5c39688e0e", "size": 125, "format": "png", "width": 480, "height": 10}, "_timestamp": 1649404423, "_runtime": 48, "_step": 2927, "loss": 70.87662506103516, "kl_div_tmp": 2.00374436378479, "nll": 68.87287902832031, "y_mse": 0.07525842636823654, "_wandb": {"runtime": 50}}