{"loss": 134.06051635742188, "kl_div_tmp": 0.05892472714185715, "nll": 134.0015869140625, "predictions_mse": 0.023256126791238785, "_timestamp": 1649318581, "_runtime": 86, "_step": 2926, "_wandb": {"runtime": 63}}