{"loss": 67.03048706054688, "kl_div_tmp": 0.21589916944503784, "nll": 66.81459045410156, "y_mse": 0.3156873285770416, "_timestamp": 1649413394, "_runtime": 22, "_step": 1168}