{"loss": 66.47545623779297, "kl_div_tmp": 0.00011260290921200067, "nll": 66.475341796875, "y_mean_r": 0.06790801882743835, "_timestamp": 1649496574, "_runtime": 135, "_step": 7339, "val_loss_tmp": 66.48564147949219, "val_y_mean_r": 0.06369498372077942, "val_posterior_std": 0.9998440742492676, "val_y_posx_std": 0.0036901431158185005, "val_y_posy_std": 0.000896729005035013, "val_y_posz_std": 0.002181819174438715, "val_posterior_y_eval": {"_type": "images/separated", "width": 640, "height": 480, "format": "png", "count": 3, "filenames": ["media/images/val_posterior_y_eval_7339_539e0f5dcccf798522b2.png", "media/images/val_posterior_y_eval_7339_21d68e024f99e879cb88.png", "media/images/val_posterior_y_eval_7339_2ec671af95f2276f7f37.png"]}, "val_ground_truth": {"_type": "images/separated", "width": 640, "height": 480, "format": "png", "count": 3, "filenames": ["media/images/val_ground_truth_7339_a907da4c9b64111e3155.png", "media/images/val_ground_truth_7339_78896f77f0d415e94176.png", "media/images/val_ground_truth_7339_03fa63bb544cb578d1a7.png"]}, "val_posterior_y": {"_type": "images/separated", "width": 640, "height": 480, "format": "png", "count": 3, "filenames": ["media/images/val_posterior_y_7339_f83783cc601d5ae4bdee.png", "media/images/val_posterior_y_7339_fe6a801b6b322f616204.png", "media/images/val_posterior_y_7339_86495e5465a621f689d6.png"]}, "tr_ground_truth": {"_type": "images/separated", "width": 640, "height": 480, "format": "png", "count": 3, "filenames": ["media/images/tr_ground_truth_7339_3ff99de3998375bd8f57.png", "media/images/tr_ground_truth_7339_f7400f8fe66640fb1ff8.png", "media/images/tr_ground_truth_7339_25cd96d11d0e9b9096a9.png"]}, "tr_posterior_y": {"_type": "images/separated", "width": 640, "height": 480, "format": "png", "count": 3, "filenames": ["media/images/tr_posterior_y_7339_391517f06afaa431cfa5.png", "media/images/tr_posterior_y_7339_64a3fd992ac90f94c663.png", "media/images/tr_posterior_y_7339_4479c3a51840263ee27b.png"]}, "_wandb": {"runtime": 136}}