{"loss": 66.52000427246094, "kl_div_tmp": 1.5916941265459172e-05, "nll": 66.51998901367188, "y_mse": 0.0020850510336458683, "_timestamp": 1649421840, "_runtime": 250, "_step": 14639, "val_loss_tmp": 66.65774536132812, "val_mse": 0.011585503816604614, "val_posterior_std": 0.9999977350234985, "val_y_posx_std": 5.845881556609811e-09, "val_y_posy_std": 1.9933375838832035e-08, "val_y_posz_std": 8.307760701598e-09, "val_posterior_y_eval": {"_type": "images/separated", "width": 640, "height": 480, "format": "png", "count": 3, "filenames": ["media/images/val_posterior_y_eval_14639_8b5c0441fa4f6baa6005.png", "media/images/val_posterior_y_eval_14639_8b5c0441fa4f6baa6005.png", "media/images/val_posterior_y_eval_14639_8b5c0441fa4f6baa6005.png"]}, "val_ground_truth": {"_type": "images/separated", "width": 640, "height": 480, "format": "png", "count": 3, "filenames": ["media/images/val_ground_truth_14639_43271b1352aeb96c5d3b.png", "media/images/val_ground_truth_14639_9411610e021ca2b06135.png", "media/images/val_ground_truth_14639_1085a0a16b59171780a4.png"]}, "val_posterior_y": {"_type": "images/separated", "width": 640, "height": 480, "format": "png", "count": 3, "filenames": ["media/images/val_posterior_y_14639_91eaadf7f4c354cfbed7.png", "media/images/val_posterior_y_14639_ac023a82736bea98408f.png", "media/images/val_posterior_y_14639_88b666d07c50569712c9.png"]}, "tr_ground_truth": {"_type": "images/separated", "width": 640, "height": 480, "format": "png", "count": 3, "filenames": ["media/images/tr_ground_truth_14639_e31a3b890c78cafdf9d7.png", "media/images/tr_ground_truth_14639_3f523ca0ee06b7e26c5b.png", "media/images/tr_ground_truth_14639_111f19eb82fba367fdf9.png"]}, "tr_posterior_y": {"_type": "images/separated", "width": 640, "height": 480, "format": "png", "count": 3, "filenames": ["media/images/tr_posterior_y_14639_7206bb2ec2d89f4b7f5d.png", "media/images/tr_posterior_y_14639_0f2b17ca1efc696b6903.png", "media/images/tr_posterior_y_14639_3d7fd5bd3c9d0cf5ac8f.png"]}, "_wandb": {"runtime": 250}}