{"loss": 66.49484252929688, "kl_div_tmp": 0.007859604433178902, "nll": 66.48698425292969, "y_mse": 0.33320918679237366, "_timestamp": 1649412908, "_runtime": 35, "_step": 2925, "_wandb": {"runtime": 35}}