{"loss": 165542.546875, "kl_div_tmp": 39.97784423828125, "nll": 165502.5625, "y_mean_r": 0.03916846215724945, "_timestamp": 1649504055, "_runtime": 605, "_step": 36649, "val_loss_tmp": 165544.875, "val_y_mean_r": 0.03894175589084625, "val_posterior_std": 0.16377924382686615, "val_y_posx_std": 0.008601984940469265, "val_y_posy_std": 0.016081098467111588, "val_y_posz_std": 0.03783256933093071, "val_posterior_y_eval": {"_type": "images/separated", "width": 640, "height": 480, "format": "png", "count": 3, "filenames": ["media/images/val_posterior_y_eval_36649_f6a5796aa0552004d632.png", "media/images/val_posterior_y_eval_36649_76d7daf554d30c17fa8d.png", "media/images/val_posterior_y_eval_36649_baccd903ab939af33548.png"]}, "val_ground_truth": {"_type": "images/separated", "width": 640, "height": 480, "format": "png", "count": 3, "filenames": ["media/images/val_ground_truth_36649_b49e5f19c55a7039c11b.png", "media/images/val_ground_truth_36649_e3381faf943a6deed605.png", "media/images/val_ground_truth_36649_1da48bf6ad84bd13408c.png"]}, "val_posterior_y": {"_type": "images/separated", "width": 640, "height": 480, "format": "png", "count": 3, "filenames": ["media/images/val_posterior_y_36649_744dcd6b9b0f559f34d8.png", "media/images/val_posterior_y_36649_8b4397ff3c10dea32452.png", "media/images/val_posterior_y_36649_763e26a5987e2bb6028d.png"]}, "tr_ground_truth": {"_type": "images/separated", "width": 640, "height": 480, "format": "png", "count": 3, "filenames": ["media/images/tr_ground_truth_36649_a4128c1c99e0dd98f89b.png", "media/images/tr_ground_truth_36649_33d3cb379a0e7419e30e.png", "media/images/tr_ground_truth_36649_1ed488ae987406962b5d.png"]}, "tr_posterior_y": {"_type": "images/separated", "width": 640, "height": 480, "format": "png", "count": 3, "filenames": ["media/images/tr_posterior_y_36649_c44915792971354f9ce2.png", "media/images/tr_posterior_y_36649_d27a06d5e58b8003f0bf.png", "media/images/tr_posterior_y_36649_d4f37b4a8af8c4585bdc.png"]}, "_wandb": {"runtime": 606}}