{"loss": 66.5379638671875, "kl_div_tmp": 0.013694598339498043, "nll": 66.5242691040039, "y_mse": 0.0021683345548808575, "_timestamp": 1649423096, "_runtime": 248, "_step": 14639, "val_loss_tmp": 66.49840545654297, "val_mse": 0.0020570128690451384, "val_posterior_std": 0.9143545031547546, "val_y_posx_std": 9.756160579854622e-06, "val_y_posy_std": 4.562551112030633e-06, "val_y_posz_std": 1.507097840658389e-05, "val_posterior_y_eval": {"_type": "images/separated", "width": 640, "height": 480, "format": "png", "count": 3, "filenames": ["media/images/val_posterior_y_eval_14639_56e665ac6b81bbc5b19c.png", "media/images/val_posterior_y_eval_14639_07e9feb3f9c3cdea1f7e.png", "media/images/val_posterior_y_eval_14639_65be6bb6fab28c7183d1.png"]}, "val_ground_truth": {"_type": "images/separated", "width": 640, "height": 480, "format": "png", "count": 3, "filenames": ["media/images/val_ground_truth_14639_43271b1352aeb96c5d3b.png", "media/images/val_ground_truth_14639_9411610e021ca2b06135.png", "media/images/val_ground_truth_14639_1085a0a16b59171780a4.png"]}, "val_posterior_y": {"_type": "images/separated", "width": 640, "height": 480, "format": "png", "count": 3, "filenames": ["media/images/val_posterior_y_14639_002189a9b79b028a1feb.png", "media/images/val_posterior_y_14639_b9ed91758c816ce88cb6.png", "media/images/val_posterior_y_14639_2a95b6c662d0f795f904.png"]}, "tr_ground_truth": {"_type": "images/separated", "width": 640, "height": 480, "format": "png", "count": 3, "filenames": ["media/images/tr_ground_truth_14639_e31a3b890c78cafdf9d7.png", "media/images/tr_ground_truth_14639_3f523ca0ee06b7e26c5b.png", "media/images/tr_ground_truth_14639_111f19eb82fba367fdf9.png"]}, "tr_posterior_y": {"_type": "images/separated", "width": 640, "height": 480, "format": "png", "count": 3, "filenames": ["media/images/tr_posterior_y_14639_76f47b899249e9532db0.png", "media/images/tr_posterior_y_14639_3620541acf68df3a5aad.png", "media/images/tr_posterior_y_14639_e574151dfefbac9175a3.png"]}, "_wandb": {"runtime": 247}}