{"loss": 132.86126708984375, "kl_div_tmp": 0.009526933543384075, "nll": 132.85174560546875, "predictions_mse": 0.007286050822585821, "_timestamp": 1649315732, "_runtime": 401, "_step": 14649, "val_loss_tmp": 133.02911376953125, "val_mse": 0.00959728192538023, "data_video": {"_type": "video-file", "path": "media/videos/data_video_14648_d71f22bfaed098156fde.gif", "sha256": "d71f22bfaed098156fde89157c73e55951cf54acb29b9dd7aeda00213fb42933", "size": 6533, "width": 640, "height": 480}, "prediction_video": {"_type": "video-file", "path": "media/videos/prediction_video_14649_362864eac8d634fe0d08.gif", "sha256": "362864eac8d634fe0d080484729bd179bf9b01028863b00024ff1787a9f25ab5", "size": 6274, "width": 640, "height": 480}, "_wandb": {"runtime": 391}}