{"loss": 32.906639099121094, "kl_div_tmp": 15.303781509399414, "nll": 17.602859497070312, "y_mean_r": 0.0884370431303978, "_timestamp": 1649435059, "_runtime": 192, "_step": 7339, "val_loss_tmp": 23.82185935974121, "val_y_mean_r": 0.307750403881073, "val_posterior_std": 0.9888224601745605, "val_y_posx_std": 4.115705905860523e-06, "val_y_posy_std": 1.573598922277597e-07, "val_y_posz_std": 3.077414874042006e-07, "val_posterior_y_eval": {"_type": "images/separated", "width": 640, "height": 480, "format": "png", "count": 3, "filenames": ["media/images/val_posterior_y_eval_7339_4050e6b4c35fd94e319b.png", "media/images/val_posterior_y_eval_7339_4050e6b4c35fd94e319b.png", "media/images/val_posterior_y_eval_7339_e6124053c87ffebe8920.png"]}, "val_ground_truth": {"_type": "images/separated", "width": 640, "height": 480, "format": "png", "count": 3, "filenames": ["media/images/val_ground_truth_7339_a907da4c9b64111e3155.png", "media/images/val_ground_truth_7339_78896f77f0d415e94176.png", "media/images/val_ground_truth_7339_03fa63bb544cb578d1a7.png"]}, "val_posterior_y": {"_type": "images/separated", "width": 640, "height": 480, "format": "png", "count": 3, "filenames": ["media/images/val_posterior_y_7339_b47776ff7974d15f9ebd.png", "media/images/val_posterior_y_7339_1770dae4efb981a42dff.png", "media/images/val_posterior_y_7339_0c85393b8c7f4420f840.png"]}, "tr_ground_truth": {"_type": "images/separated", "width": 640, "height": 480, "format": "png", "count": 3, "filenames": ["media/images/tr_ground_truth_7339_3ff99de3998375bd8f57.png", "media/images/tr_ground_truth_7339_f7400f8fe66640fb1ff8.png", "media/images/tr_ground_truth_7339_25cd96d11d0e9b9096a9.png"]}, "tr_posterior_y": {"_type": "images/separated", "width": 640, "height": 480, "format": "png", "count": 3, "filenames": ["media/images/tr_posterior_y_7339_51e8265eba3fea5a9236.png", "media/images/tr_posterior_y_7339_625705c1b8114ae5822a.png", "media/images/tr_posterior_y_7339_4d0e94c5c8e6b4b7bcd1.png"]}, "_wandb": {"runtime": 192}}