{"loss": 66.52022552490234, "kl_div_tmp": 0.00020360143389552832, "nll": 66.52001953125, "y_mse": 0.0020853676833212376, "_timestamp": 1649422904, "_runtime": 244, "_step": 14639, "val_loss_tmp": 66.65675354003906, "val_mse": 0.011528695933520794, "val_posterior_std": 1.0000003576278687, "val_y_posx_std": 6.339927249854327e-09, "val_y_posy_std": 1.980532360335019e-08, "val_y_posz_std": 1.199112098504429e-08, "val_posterior_y_eval": {"_type": "images/separated", "width": 640, "height": 480, "format": "png", "count": 3, "filenames": ["media/images/val_posterior_y_eval_14639_cf7c48df76a647bc7432.png", "media/images/val_posterior_y_eval_14639_cf7c48df76a647bc7432.png", "media/images/val_posterior_y_eval_14639_cf7c48df76a647bc7432.png"]}, "val_ground_truth": {"_type": "images/separated", "width": 640, "height": 480, "format": "png", "count": 3, "filenames": ["media/images/val_ground_truth_14639_43271b1352aeb96c5d3b.png", "media/images/val_ground_truth_14639_9411610e021ca2b06135.png", "media/images/val_ground_truth_14639_1085a0a16b59171780a4.png"]}, "val_posterior_y": {"_type": "images/separated", "width": 640, "height": 480, "format": "png", "count": 3, "filenames": ["media/images/val_posterior_y_14639_94dcefad93001ac40a66.png", "media/images/val_posterior_y_14639_110c453375d2b6e7278e.png", "media/images/val_posterior_y_14639_bd310ee4c802ab4afeaa.png"]}, "tr_ground_truth": {"_type": "images/separated", "width": 640, "height": 480, "format": "png", "count": 3, "filenames": ["media/images/tr_ground_truth_14639_e31a3b890c78cafdf9d7.png", "media/images/tr_ground_truth_14639_3f523ca0ee06b7e26c5b.png", "media/images/tr_ground_truth_14639_111f19eb82fba367fdf9.png"]}, "tr_posterior_y": {"_type": "images/separated", "width": 640, "height": 480, "format": "png", "count": 3, "filenames": ["media/images/tr_posterior_y_14639_6e039bb791c1285fa1ae.png", "media/images/tr_posterior_y_14639_61d0ac883dea89737557.png", "media/images/tr_posterior_y_14639_fb7d9534f3e210ff7e2e.png"]}, "_wandb": {"runtime": 244}}