{"loss": 66.80923461914062, "kl_div_tmp": 0.18200041353702545, "nll": 66.62723541259766, "predictions_mse": 0.012879446148872375, "_timestamp": 1649347419, "_runtime": 35, "_step": 2927, "val_loss_tmp": 66.76322937011719, "val_mse": 0.011822514235973358, "val_predictions_std": 0.00499471602961421, "_wandb": {"runtime": 35}}