{"loss": 66.5135726928711, "kl_div_tmp": 3.443883542786352e-05, "nll": 66.51353454589844, "y_mse": 0.0019046966917812824, "_timestamp": 1649417588, "_runtime": 193, "_step": 14639, "val_loss_tmp": 66.48638153076172, "val_mse": 0.002041158964857459, "val_y_posx_std": 2.6151838028454222e-05, "val_y_posy_std": 8.653031727590133e-06, "val_y_posz_std": 8.251334293163382e-06, "val_posterior_y_eval": {"_type": "images/separated", "width": 640, "height": 480, "format": "png", "count": 3, "filenames": ["media/images/val_posterior_y_eval_14639_042a83840ac0a699ab3b.png", "media/images/val_posterior_y_eval_14639_658cc853d54d4d975f95.png", "media/images/val_posterior_y_eval_14639_f4d931a3186cece835da.png"]}, "val_ground_truth": {"_type": "images/separated", "width": 640, "height": 480, "format": "png", "count": 3, "filenames": ["media/images/val_ground_truth_14639_43271b1352aeb96c5d3b.png", "media/images/val_ground_truth_14639_9411610e021ca2b06135.png", "media/images/val_ground_truth_14639_1085a0a16b59171780a4.png"]}, "val_posterior_y": {"_type": "images/separated", "width": 640, "height": 480, "format": "png", "count": 3, "filenames": ["media/images/val_posterior_y_14639_f62346e33eb000156bcf.png", "media/images/val_posterior_y_14639_e9ea097bb7156d53c932.png", "media/images/val_posterior_y_14639_b2eaa838b2334951ba38.png"]}, "tr_ground_truth": {"_type": "images/separated", "width": 640, "height": 480, "format": "png", "count": 3, "filenames": ["media/images/tr_ground_truth_14639_e31a3b890c78cafdf9d7.png", "media/images/tr_ground_truth_14639_3f523ca0ee06b7e26c5b.png", "media/images/tr_ground_truth_14639_111f19eb82fba367fdf9.png"]}, "tr_posterior_y": {"_type": "images/separated", "width": 640, "height": 480, "format": "png", "count": 3, "filenames": ["media/images/tr_posterior_y_14639_a32da6600c3ea18ce988.png", "media/images/tr_posterior_y_14639_39393b693aa226ec2ea8.png", "media/images/tr_posterior_y_14639_8d155ba45944d927f627.png"]}, "_wandb": {"runtime": 194}}