{"loss": 71.23524475097656, "kl_div_tmp": 2.0451390743255615, "nll": 69.19010925292969, "y_mse": 0.08407033234834671, "_timestamp": 1649403378, "_runtime": 44, "_step": 2927, "val_loss_tmp": 70.86833190917969, "val_mse": 0.07733728736639023, "val_y_pos_std": 0.01863301545381546, "_wandb": {"runtime": 51}}