{"loss": 66.52015686035156, "kl_div_tmp": 0.00014107897004578263, "nll": 66.52001953125, "y_mse": 0.0020854698959738016, "_timestamp": 1649421865, "_runtime": 232, "_step": 14639, "val_loss_tmp": 66.65687561035156, "val_mse": 0.011535396799445152, "val_posterior_std": 1.0000001192092896, "val_y_posx_std": 6.025465637549132e-08, "val_y_posy_std": 1.862292364762652e-08, "val_y_posz_std": 1.2343768673872546e-08, "val_posterior_y_eval": {"_type": "images/separated", "width": 640, "height": 480, "format": "png", "count": 3, "filenames": ["media/images/val_posterior_y_eval_14639_7b4f2a201a4c7a397534.png", "media/images/val_posterior_y_eval_14639_7b4f2a201a4c7a397534.png", "media/images/val_posterior_y_eval_14639_7b4f2a201a4c7a397534.png"]}, "val_ground_truth": {"_type": "images/separated", "width": 640, "height": 480, "format": "png", "count": 3, "filenames": ["media/images/val_ground_truth_14639_43271b1352aeb96c5d3b.png", "media/images/val_ground_truth_14639_9411610e021ca2b06135.png", "media/images/val_ground_truth_14639_1085a0a16b59171780a4.png"]}, "val_posterior_y": {"_type": "images/separated", "width": 640, "height": 480, "format": "png", "count": 3, "filenames": ["media/images/val_posterior_y_14639_137a28e5ddcf15b2c770.png", "media/images/val_posterior_y_14639_09b7745616fe6a2ad014.png", "media/images/val_posterior_y_14639_027831d278b2011dfd4d.png"]}, "tr_ground_truth": {"_type": "images/separated", "width": 640, "height": 480, "format": "png", "count": 3, "filenames": ["media/images/tr_ground_truth_14639_e31a3b890c78cafdf9d7.png", "media/images/tr_ground_truth_14639_3f523ca0ee06b7e26c5b.png", "media/images/tr_ground_truth_14639_111f19eb82fba367fdf9.png"]}, "tr_posterior_y": {"_type": "images/separated", "width": 640, "height": 480, "format": "png", "count": 3, "filenames": ["media/images/tr_posterior_y_14639_9c80446b344edcc16b6d.png", "media/images/tr_posterior_y_14639_1f24560f9f28d6ce0864.png", "media/images/tr_posterior_y_14639_1b8dbf137b4b8009553a.png"]}, "_wandb": {"runtime": 231}}