{"loss": 66.51986694335938, "kl_div_tmp": 3.5810967347060796e-07, "nll": 66.51986694335938, "y_mse": 0.002098788507282734, "_timestamp": 1649421258, "_runtime": 229, "_step": 14639, "val_loss_tmp": 66.6590805053711, "val_mse": 0.011662477627396584, "val_posterior_std": 0.9999718070030212, "val_y_posx_std": 1.8113778921247103e-08, "val_y_posy_std": 3.8861877271756384e-08, "val_y_posz_std": 2.771388096789451e-08, "val_posterior_y_eval": {"_type": "images/separated", "width": 640, "height": 480, "format": "png", "count": 3, "filenames": ["media/images/val_posterior_y_eval_14639_edecd1fc76fb82d47269.png", "media/images/val_posterior_y_eval_14639_edecd1fc76fb82d47269.png", "media/images/val_posterior_y_eval_14639_edecd1fc76fb82d47269.png"]}, "val_ground_truth": {"_type": "images/separated", "width": 640, "height": 480, "format": "png", "count": 3, "filenames": ["media/images/val_ground_truth_14639_43271b1352aeb96c5d3b.png", "media/images/val_ground_truth_14639_9411610e021ca2b06135.png", "media/images/val_ground_truth_14639_1085a0a16b59171780a4.png"]}, "val_posterior_y": {"_type": "images/separated", "width": 640, "height": 480, "format": "png", "count": 3, "filenames": ["media/images/val_posterior_y_14639_ddb570d02e761510c509.png", "media/images/val_posterior_y_14639_5cef2cdbe2176cd392d5.png", "media/images/val_posterior_y_14639_2de4af83a1858982913b.png"]}, "tr_ground_truth": {"_type": "images/separated", "width": 640, "height": 480, "format": "png", "count": 3, "filenames": ["media/images/tr_ground_truth_14639_e31a3b890c78cafdf9d7.png", "media/images/tr_ground_truth_14639_3f523ca0ee06b7e26c5b.png", "media/images/tr_ground_truth_14639_111f19eb82fba367fdf9.png"]}, "tr_posterior_y": {"_type": "images/separated", "width": 640, "height": 480, "format": "png", "count": 3, "filenames": ["media/images/tr_posterior_y_14639_5cbba4fa2960d40c487e.png", "media/images/tr_posterior_y_14639_922ce11a62e888aa56f1.png", "media/images/tr_posterior_y_14639_29abf873289ea249e019.png"]}, "_wandb": {"runtime": 229}}