{"loss": 66.53079986572266, "kl_div_tmp": 0.010620363056659698, "nll": 66.52017974853516, "y_mean_r": 0.06919102370738983, "_timestamp": 1649423742, "_runtime": 249, "_step": 14639, "val_loss_tmp": 66.49588012695312, "val_y_mean_r": 0.06411284953355789, "val_posterior_std": 0.637740433216095, "val_y_posx_std": 1.9345819964655675e-05, "val_y_posy_std": 5.512789357453585e-05, "val_y_posz_std": 5.7972883951151744e-05, "val_posterior_y_eval": {"_type": "images/separated", "width": 640, "height": 480, "format": "png", "count": 3, "filenames": ["media/images/val_posterior_y_eval_14639_d65f523cc344fb3559d0.png", "media/images/val_posterior_y_eval_14639_d2d4a00a0c781df1483b.png", "media/images/val_posterior_y_eval_14639_e6b51f3950b5e204298c.png"]}, "val_ground_truth": {"_type": "images/separated", "width": 640, "height": 480, "format": "png", "count": 3, "filenames": ["media/images/val_ground_truth_14639_43271b1352aeb96c5d3b.png", "media/images/val_ground_truth_14639_9411610e021ca2b06135.png", "media/images/val_ground_truth_14639_1085a0a16b59171780a4.png"]}, "val_posterior_y": {"_type": "images/separated", "width": 640, "height": 480, "format": "png", "count": 3, "filenames": ["media/images/val_posterior_y_14639_bfb432f7afa60d11d3d5.png", "media/images/val_posterior_y_14639_a4190d81aebfe40a79ae.png", "media/images/val_posterior_y_14639_b6b70d13bcdac96b12d9.png"]}, "tr_ground_truth": {"_type": "images/separated", "width": 640, "height": 480, "format": "png", "count": 3, "filenames": ["media/images/tr_ground_truth_14639_e31a3b890c78cafdf9d7.png", "media/images/tr_ground_truth_14639_3f523ca0ee06b7e26c5b.png", "media/images/tr_ground_truth_14639_111f19eb82fba367fdf9.png"]}, "tr_posterior_y": {"_type": "images/separated", "width": 640, "height": 480, "format": "png", "count": 3, "filenames": ["media/images/tr_posterior_y_14639_549aa68d8edd2f713ada.png", "media/images/tr_posterior_y_14639_8017e5530f3100f8ece1.png", "media/images/tr_posterior_y_14639_1b2fdaabaf019bc0f7f5.png"]}, "_wandb": {"runtime": 249}}