{"loss": 49436.828125, "kl_div_tmp": 3.3749895095825195, "nll": 49433.453125, "y_mse": 0.4813002645969391, "_timestamp": 1649408382, "_runtime": 47, "_step": 2926, "val_loss_tmp": 46043.9921875, "val_mse": 0.3648853600025177, "val_y_pos_std": 0.36955466866493225, "_wandb": {"runtime": 44}}