{"loss": 67.70818328857422, "kl_div_tmp": 0.07779856771230698, "nll": 67.63038635253906, "y_mean_r": 0.2923409342765808, "_timestamp": 1649491181, "_runtime": 131, "_step": 7339, "val_loss_tmp": 68.49249267578125, "val_y_mean_r": 0.5442801713943481, "val_posterior_std": 1.0000131130218506, "val_y_posx_std": 0.00023774935107212514, "val_y_posy_std": 0.00037819764111191034, "val_y_posz_std": 0.0005182811291888356, "val_posterior_y_eval": {"_type": "images/separated", "width": 640, "height": 480, "format": "png", "count": 3, "filenames": ["media/images/val_posterior_y_eval_7339_053dae89ff369d78dec6.png", "media/images/val_posterior_y_eval_7339_e9e951c08350eb7bc922.png", "media/images/val_posterior_y_eval_7339_da35c79ff2a342be830f.png"]}, "val_ground_truth": {"_type": "images/separated", "width": 640, "height": 480, "format": "png", "count": 3, "filenames": ["media/images/val_ground_truth_7339_a907da4c9b64111e3155.png", "media/images/val_ground_truth_7339_78896f77f0d415e94176.png", "media/images/val_ground_truth_7339_03fa63bb544cb578d1a7.png"]}, "val_posterior_y": {"_type": "images/separated", "width": 640, "height": 480, "format": "png", "count": 3, "filenames": ["media/images/val_posterior_y_7339_f4f405bb3a48a9b044aa.png", "media/images/val_posterior_y_7339_4e51e2b9911a06e933c2.png", "media/images/val_posterior_y_7339_a79ac54e764f8f9b3893.png"]}, "tr_ground_truth": {"_type": "images/separated", "width": 640, "height": 480, "format": "png", "count": 3, "filenames": ["media/images/tr_ground_truth_7339_3ff99de3998375bd8f57.png", "media/images/tr_ground_truth_7339_f7400f8fe66640fb1ff8.png", "media/images/tr_ground_truth_7339_25cd96d11d0e9b9096a9.png"]}, "tr_posterior_y": {"_type": "images/separated", "width": 640, "height": 480, "format": "png", "count": 3, "filenames": ["media/images/tr_posterior_y_7339_f813a0758d726067fdaa.png", "media/images/tr_posterior_y_7339_ef266028d68d742fc263.png", "media/images/tr_posterior_y_7339_41d123f9b52326a6a727.png"]}, "_wandb": {"runtime": 132}}