{"test_im": {"_type": "image-file", "path": "media/images/test_im_0_88fbaa8d4218520a7e4f.png", "sha256": "88fbaa8d4218520a7e4f379bf5c710124483f7e2ec3b61d1ade38c5c39688e0e", "size": 125, "format": "png", "width": 480, "height": 10}, "_timestamp": 1649405308, "_runtime": 55, "_step": 2928, "loss": 70.08453369140625, "kl_div_tmp": 1.9948841333389282, "nll": 68.08965301513672, "y_mse": 0.17040930688381195, "val_loss_tmp": 69.77297973632812, "val_mse": 0.1750873476266861, "val_y_pos_std": 0.004163049161434174, "_wandb": {"runtime": 57}}