{"loss": 87.3395004272461, "kl_div_tmp": 5.457436561584473, "nll": 81.88206481933594, "y_mse": 0.5188383460044861, "_timestamp": 1649409698, "_runtime": 10, "_step": 312}