{"test_im": {"_type": "image-file", "path": "media/images/test_im_0_88fbaa8d4218520a7e4f.png", "sha256": "88fbaa8d4218520a7e4f379bf5c710124483f7e2ec3b61d1ade38c5c39688e0e", "size": 125, "format": "png", "width": 480, "height": 10}, "_timestamp": 1649403771, "_runtime": 47, "_step": 2928, "loss": 71.23524475097656, "kl_div_tmp": 2.0451390743255615, "nll": 69.19010925292969, "y_mse": 0.08407033234834671, "val_loss_tmp": 70.86833190917969, "val_mse": 0.07733728736639023, "val_y_pos_std": 0.01863301545381546, "_wandb": {"runtime": 52}}