{"loss": 67.63139343261719, "kl_div_tmp": 0.001026524812914431, "nll": 67.63036346435547, "y_mean_r": 0.29234203696250916, "_timestamp": 1649491668, "_runtime": 134, "_step": 7339, "val_loss_tmp": 68.42689514160156, "val_y_mean_r": 0.5443909168243408, "val_posterior_std": 1.0000131130218506, "val_y_posx_std": 6.763984129065648e-05, "val_y_posy_std": 9.410276834387332e-05, "val_y_posz_std": 0.00014115263184066862, "val_posterior_y_eval": {"_type": "images/separated", "width": 640, "height": 480, "format": "png", "count": 3, "filenames": ["media/images/val_posterior_y_eval_7339_2047ac809efd8863d464.png", "media/images/val_posterior_y_eval_7339_2047ac809efd8863d464.png", "media/images/val_posterior_y_eval_7339_2047ac809efd8863d464.png"]}, "val_ground_truth": {"_type": "images/separated", "width": 640, "height": 480, "format": "png", "count": 3, "filenames": ["media/images/val_ground_truth_7339_a907da4c9b64111e3155.png", "media/images/val_ground_truth_7339_78896f77f0d415e94176.png", "media/images/val_ground_truth_7339_03fa63bb544cb578d1a7.png"]}, "val_posterior_y": {"_type": "images/separated", "width": 640, "height": 480, "format": "png", "count": 3, "filenames": ["media/images/val_posterior_y_7339_4cb66682639e65480244.png", "media/images/val_posterior_y_7339_3eeac8e6dce1b280257a.png", "media/images/val_posterior_y_7339_9873659ec1cf15d020cc.png"]}, "tr_ground_truth": {"_type": "images/separated", "width": 640, "height": 480, "format": "png", "count": 3, "filenames": ["media/images/tr_ground_truth_7339_3ff99de3998375bd8f57.png", "media/images/tr_ground_truth_7339_f7400f8fe66640fb1ff8.png", "media/images/tr_ground_truth_7339_25cd96d11d0e9b9096a9.png"]}, "tr_posterior_y": {"_type": "images/separated", "width": 640, "height": 480, "format": "png", "count": 3, "filenames": ["media/images/tr_posterior_y_7339_6fd7fbe82e56ded4ca9f.png", "media/images/tr_posterior_y_7339_9ffc6e860fbaae31e602.png", "media/images/tr_posterior_y_7339_b1fb6d14ec81a48700a6.png"]}, "_wandb": {"runtime": 135}}