{"loss": 48.25193786621094, "kl_div_tmp": 30.649084091186523, "nll": 17.602855682373047, "y_mean_r": 0.08843694627285004, "_timestamp": 1649490163, "_runtime": 135, "_step": 7339, "val_loss_tmp": 26.712141036987305, "val_y_mean_r": 0.3077424168586731, "val_posterior_std": 0.9888147711753845, "val_y_posx_std": 4.112612259632442e-06, "val_y_posy_std": 1.562949734079666e-07, "val_y_posz_std": 3.084339823544724e-07, "val_posterior_y_eval": {"_type": "images/separated", "width": 640, "height": 480, "format": "png", "count": 3, "filenames": ["media/images/val_posterior_y_eval_7339_e6124053c87ffebe8920.png", "media/images/val_posterior_y_eval_7339_e6124053c87ffebe8920.png", "media/images/val_posterior_y_eval_7339_e6124053c87ffebe8920.png"]}, "val_ground_truth": {"_type": "images/separated", "width": 640, "height": 480, "format": "png", "count": 3, "filenames": ["media/images/val_ground_truth_7339_a907da4c9b64111e3155.png", "media/images/val_ground_truth_7339_78896f77f0d415e94176.png", "media/images/val_ground_truth_7339_03fa63bb544cb578d1a7.png"]}, "val_posterior_y": {"_type": "images/separated", "width": 640, "height": 480, "format": "png", "count": 3, "filenames": ["media/images/val_posterior_y_7339_2ba13fdc01bbdf008dea.png", "media/images/val_posterior_y_7339_1770dae4efb981a42dff.png", "media/images/val_posterior_y_7339_5a85fc02866735167c02.png"]}, "tr_ground_truth": {"_type": "images/separated", "width": 640, "height": 480, "format": "png", "count": 3, "filenames": ["media/images/tr_ground_truth_7339_3ff99de3998375bd8f57.png", "media/images/tr_ground_truth_7339_f7400f8fe66640fb1ff8.png", "media/images/tr_ground_truth_7339_25cd96d11d0e9b9096a9.png"]}, "tr_posterior_y": {"_type": "images/separated", "width": 640, "height": 480, "format": "png", "count": 3, "filenames": ["media/images/tr_posterior_y_7339_a7a5ba2bda7beb9d46e5.png", "media/images/tr_posterior_y_7339_89ad3775d2c37537df5e.png", "media/images/tr_posterior_y_7339_80fe977b568033d45915.png"]}, "_wandb": {"runtime": 135}}