{"loss": 155.1438751220703, "kl_div_tmp": 0.008113296702504158, "nll": 155.13575744628906, "predictions_mse": 0.008977186866104603, "_timestamp": 1649246391, "_runtime": 38, "_step": 1466, "val_loss_tmp": 155.1438751220703, "epoch": 0, "data_video": {"_type": "video-file", "path": "media/videos/data_video_1465_23f3e4a1dbe04c8345d3.gif", "sha256": "23f3e4a1dbe04c8345d36d5cd105dc40189c69e6d0bccf38900b6a18a5fba8a3", "size": 6255, "width": 640, "height": 480}, "prediction_video": {"_type": "video-file", "path": "media/videos/prediction_video_1466_534e04a22148b8dc390e.gif", "sha256": "534e04a22148b8dc390e99f62141b0f9182d9055dc6d0b6c80169c4381cb8de7", "size": 6334, "width": 640, "height": 480}, "_wandb": {"runtime": 39}}