{"loss": 66241.2421875, "kl_div_tmp": 37.721649169921875, "nll": 66203.5234375, "y_mean_r": 0.03796833008527756, "_timestamp": 1649496855, "_runtime": 135, "_step": 7339, "val_loss_tmp": 66237.09375, "val_y_mean_r": 0.03610336780548096, "val_posterior_std": 0.5165462493896484, "val_y_posx_std": 0.010454382747411728, "val_y_posy_std": 0.01799878478050232, "val_y_posz_std": 0.04147421196103096, "val_posterior_y_eval": {"_type": "images/separated", "width": 640, "height": 480, "format": "png", "count": 3, "filenames": ["media/images/val_posterior_y_eval_7339_376df4aaa986213239d2.png", "media/images/val_posterior_y_eval_7339_eec85504eb591ad520a2.png", "media/images/val_posterior_y_eval_7339_d701a947089616151942.png"]}, "val_ground_truth": {"_type": "images/separated", "width": 640, "height": 480, "format": "png", "count": 3, "filenames": ["media/images/val_ground_truth_7339_a907da4c9b64111e3155.png", "media/images/val_ground_truth_7339_78896f77f0d415e94176.png", "media/images/val_ground_truth_7339_03fa63bb544cb578d1a7.png"]}, "val_posterior_y": {"_type": "images/separated", "width": 640, "height": 480, "format": "png", "count": 3, "filenames": ["media/images/val_posterior_y_7339_9e32c7193fb63df91277.png", "media/images/val_posterior_y_7339_fcffbd29bc9057a0d397.png", "media/images/val_posterior_y_7339_4cb3a2d1e60b9c51b1e1.png"]}, "tr_ground_truth": {"_type": "images/separated", "width": 640, "height": 480, "format": "png", "count": 3, "filenames": ["media/images/tr_ground_truth_7339_3ff99de3998375bd8f57.png", "media/images/tr_ground_truth_7339_f7400f8fe66640fb1ff8.png", "media/images/tr_ground_truth_7339_25cd96d11d0e9b9096a9.png"]}, "tr_posterior_y": {"_type": "images/separated", "width": 640, "height": 480, "format": "png", "count": 3, "filenames": ["media/images/tr_posterior_y_7339_ff6f52e9ea47a4143479.png", "media/images/tr_posterior_y_7339_23129b5b141d4ad95882.png", "media/images/tr_posterior_y_7339_7a7a9512d7b898dd8c9a.png"]}, "_wandb": {"runtime": 135}}