{"loss": 71.23524475097656, "kl_div_tmp": 2.0451388359069824, "nll": 69.19010925292969, "y_mse": 0.08407033234834671, "_timestamp": 1649402171, "_runtime": 36, "_step": 2926, "_wandb": {"runtime": 37}}