{"loss": 68.67294311523438, "kl_div_tmp": 1.0630838871002197, "nll": 67.60985565185547, "predictions_mse": 0.040174391120672226, "_timestamp": 1649330577, "_runtime": 48, "_step": 2927, "val_loss_tmp": 68.64834594726562, "val_mse": 0.039403777569532394, "_wandb": {"runtime": 50}}