{"loss": 78.94178771972656, "kl_div_tmp": 61.338924407958984, "nll": 17.602859497070312, "y_mean_r": 0.08843807876110077, "_timestamp": 1649490221, "_runtime": 138, "_step": 7339, "val_loss_tmp": 32.49321365356445, "val_y_mean_r": 0.30774447321891785, "val_posterior_std": 0.9888109564781189, "val_y_posx_std": 4.1121820686385036e-06, "val_y_posy_std": 1.5826914534500247e-07, "val_y_posz_std": 3.085469870711677e-07, "val_posterior_y_eval": {"_type": "images/separated", "width": 640, "height": 480, "format": "png", "count": 3, "filenames": ["media/images/val_posterior_y_eval_7339_e6124053c87ffebe8920.png", "media/images/val_posterior_y_eval_7339_e6124053c87ffebe8920.png", "media/images/val_posterior_y_eval_7339_e6124053c87ffebe8920.png"]}, "val_ground_truth": {"_type": "images/separated", "width": 640, "height": 480, "format": "png", "count": 3, "filenames": ["media/images/val_ground_truth_7339_a907da4c9b64111e3155.png", "media/images/val_ground_truth_7339_78896f77f0d415e94176.png", "media/images/val_ground_truth_7339_03fa63bb544cb578d1a7.png"]}, "val_posterior_y": {"_type": "images/separated", "width": 640, "height": 480, "format": "png", "count": 3, "filenames": ["media/images/val_posterior_y_7339_2ba13fdc01bbdf008dea.png", "media/images/val_posterior_y_7339_1770dae4efb981a42dff.png", "media/images/val_posterior_y_7339_e02a862b8c3fbc37e98e.png"]}, "tr_ground_truth": {"_type": "images/separated", "width": 640, "height": 480, "format": "png", "count": 3, "filenames": ["media/images/tr_ground_truth_7339_3ff99de3998375bd8f57.png", "media/images/tr_ground_truth_7339_f7400f8fe66640fb1ff8.png", "media/images/tr_ground_truth_7339_25cd96d11d0e9b9096a9.png"]}, "tr_posterior_y": {"_type": "images/separated", "width": 640, "height": 480, "format": "png", "count": 3, "filenames": ["media/images/tr_posterior_y_7339_2c69ae118d648d47a3da.png", "media/images/tr_posterior_y_7339_625705c1b8114ae5822a.png", "media/images/tr_posterior_y_7339_80fe977b568033d45915.png"]}, "_wandb": {"runtime": 137}}