{"loss": 66.54297637939453, "kl_div_tmp": 0.00018239901692140847, "nll": 66.54279327392578, "y_mse": 0.0027973498217761517, "_timestamp": 1649420168, "_runtime": 145, "_step": 9082, "val_loss_tmp": 66.70914459228516, "val_mse": 0.01427797693759203, "val_posterior_std": 0.9988075494766235, "val_y_posx_std": 0.0002901743573602289, "val_y_posy_std": 0.00023732178669888526, "val_y_posz_std": 0.0001445086527382955, "val_posterior_y_eval": {"_type": "images/separated", "width": 640, "height": 480, "format": "png", "count": 3, "filenames": ["media/images/val_posterior_y_eval_8786_49c68ec37e0a473845cd.png", "media/images/val_posterior_y_eval_8786_7449f33c05b1e886d402.png", "media/images/val_posterior_y_eval_8786_fedc47b4929dfc71c79e.png"]}, "val_ground_truth": {"_type": "images/separated", "width": 640, "height": 480, "format": "png", "count": 3, "filenames": ["media/images/val_ground_truth_8786_e2d1af8a759b395809e7.png", "media/images/val_ground_truth_8786_3892c000f5bd67bb57ec.png", "media/images/val_ground_truth_8786_95042628ca098e9af41d.png"]}, "val_posterior_y": {"_type": "images/separated", "width": 640, "height": 480, "format": "png", "count": 3, "filenames": ["media/images/val_posterior_y_8786_3ff5da61b27bc1d09560.png", "media/images/val_posterior_y_8786_3e5553624e66d0505e79.png", "media/images/val_posterior_y_8786_0ad8d1c84aafd76b075a.png"]}, "tr_ground_truth": {"_type": "images/separated", "width": 640, "height": 480, "format": "png", "count": 3, "filenames": ["media/images/tr_ground_truth_8786_23e725a69ee8db7e3375.png", "media/images/tr_ground_truth_8786_042a4c7e9f0eb042fd1c.png", "media/images/tr_ground_truth_8786_8d168eafa58343d86eaa.png"]}, "tr_posterior_y": {"_type": "images/separated", "width": 640, "height": 480, "format": "png", "count": 3, "filenames": ["media/images/tr_posterior_y_8786_6f84643b12e22da9e101.png", "media/images/tr_posterior_y_8786_cfa22b43e93e4aa7f8c4.png", "media/images/tr_posterior_y_8786_e1873d9d32bb6898c068.png"]}}