{"loss": 165493.15625, "kl_div_tmp": 55.70643615722656, "nll": 165437.453125, "y_mean_r": 0.020919417962431908, "_timestamp": 1649498697, "_runtime": 596, "_step": 36699, "val_loss_tmp": 165492.171875, "val_y_mean_r": 0.02078697830438614, "val_posterior_std": 0.357474684715271, "val_y_posx_std": 0.015097453258931637, "val_y_posy_std": 0.020145835354924202, "val_y_posz_std": 0.04539082571864128, "val_posterior_y_eval": {"_type": "images/separated", "width": 640, "height": 480, "format": "png", "count": 3, "filenames": ["media/images/val_posterior_y_eval_36699_a1a177d616beb3e324a5.png", "media/images/val_posterior_y_eval_36699_473afb945e7ff9a1a5db.png", "media/images/val_posterior_y_eval_36699_934e5da3524e7066d907.png"]}, "val_ground_truth": {"_type": "images/separated", "width": 640, "height": 480, "format": "png", "count": 3, "filenames": ["media/images/val_ground_truth_36699_b49e5f19c55a7039c11b.png", "media/images/val_ground_truth_36699_e3381faf943a6deed605.png", "media/images/val_ground_truth_36699_1da48bf6ad84bd13408c.png"]}, "val_posterior_y": {"_type": "images/separated", "width": 640, "height": 480, "format": "png", "count": 3, "filenames": ["media/images/val_posterior_y_36699_2662a1fded10f7792e56.png", "media/images/val_posterior_y_36699_9b5627f0861e23834aa2.png", "media/images/val_posterior_y_36699_b910b98aca6b372bd11e.png"]}, "tr_ground_truth": {"_type": "images/separated", "width": 640, "height": 480, "format": "png", "count": 3, "filenames": ["media/images/tr_ground_truth_36699_a4128c1c99e0dd98f89b.png", "media/images/tr_ground_truth_36699_33d3cb379a0e7419e30e.png", "media/images/tr_ground_truth_36699_1ed488ae987406962b5d.png"]}, "tr_posterior_y": {"_type": "images/separated", "width": 640, "height": 480, "format": "png", "count": 3, "filenames": ["media/images/tr_posterior_y_36699_acff4c73b41e883f9443.png", "media/images/tr_posterior_y_36699_fbc3af0c347aa8269942.png", "media/images/tr_posterior_y_36699_06685d848a8133b39ebe.png"]}, "_wandb": {"runtime": 597}}