{"loss": 145.35997009277344, "kl_div_tmp": 12.104734420776367, "nll": 133.25523376464844, "predictions_mse": 0.012890062294900417, "_timestamp": 1649324666, "_runtime": 145, "_step": 5861, "val_loss_tmp": 133.6653594970703, "val_mse": 0.01401655562222004, "data": {"_type": "video-file", "path": "media/videos/data_5859_d71f22bfaed098156fde.gif", "sha256": "d71f22bfaed098156fde89157c73e55951cf54acb29b9dd7aeda00213fb42933", "size": 6533, "width": 640, "height": 480}, "posterior_prediction": {"_type": "video-file", "path": "media/videos/posterior_prediction_5860_cb4af673c3b1489b733a.gif", "sha256": "cb4af673c3b1489b733af7324d4664901ad4c49aca1d99bb16106856581ecced", "size": 6412, "width": 640, "height": 480}, "prior_prediction": {"_type": "video-file", "path": "media/videos/prior_prediction_5861_76f3f4d8c5d153b95c4a.gif", "sha256": "76f3f4d8c5d153b95c4ab01228c5c95a7a288bffd50c68dd03d52f394307e476", "size": 6673, "width": 640, "height": 480}, "_wandb": {"runtime": 143}}