{"loss": 165493.15625, "kl_div_tmp": 55.701332092285156, "nll": 165437.453125, "y_mean_r": 0.020917696878314018, "_timestamp": 1649497727, "_runtime": 595, "_step": 36699, "val_loss_tmp": 165492.171875, "val_y_mean_r": 0.02078835852444172, "val_posterior_std": 0.3574911653995514, "val_y_posx_std": 0.015098602510988712, "val_y_posy_std": 0.020142674446105957, "val_y_posz_std": 0.04539521038532257, "val_posterior_y_eval": {"_type": "images/separated", "width": 640, "height": 480, "format": "png", "count": 3, "filenames": ["media/images/val_posterior_y_eval_36699_d832c19f4c87ffcd8d5d.png", "media/images/val_posterior_y_eval_36699_0e52e7db7f62e9203706.png", "media/images/val_posterior_y_eval_36699_bb0c8ce114e84aac9303.png"]}, "val_ground_truth": {"_type": "images/separated", "width": 640, "height": 480, "format": "png", "count": 3, "filenames": ["media/images/val_ground_truth_36699_b49e5f19c55a7039c11b.png", "media/images/val_ground_truth_36699_e3381faf943a6deed605.png", "media/images/val_ground_truth_36699_1da48bf6ad84bd13408c.png"]}, "val_posterior_y": {"_type": "images/separated", "width": 640, "height": 480, "format": "png", "count": 3, "filenames": ["media/images/val_posterior_y_36699_c4f497336e4fcb4681b5.png", "media/images/val_posterior_y_36699_5dcb3a4eb0476c0f6976.png", "media/images/val_posterior_y_36699_8dbb84df238a292f5300.png"]}, "tr_ground_truth": {"_type": "images/separated", "width": 640, "height": 480, "format": "png", "count": 3, "filenames": ["media/images/tr_ground_truth_36699_a4128c1c99e0dd98f89b.png", "media/images/tr_ground_truth_36699_33d3cb379a0e7419e30e.png", "media/images/tr_ground_truth_36699_1ed488ae987406962b5d.png"]}, "tr_posterior_y": {"_type": "images/separated", "width": 640, "height": 480, "format": "png", "count": 3, "filenames": ["media/images/tr_posterior_y_36699_0a62a73e9ad56d1d5780.png", "media/images/tr_posterior_y_36699_a694198471c71f28b523.png", "media/images/tr_posterior_y_36699_04ffe5852b77f0371166.png"]}, "_wandb": {"runtime": 596}}