{"loss": 68.67294311523438, "kl_div_tmp": 1.0630838871002197, "nll": 67.60985565185547, "predictions_mse": 0.04017438739538193, "_timestamp": 1649340453, "_runtime": 57, "_step": 2927, "val_loss_tmp": 68.64834594726562, "val_mse": 0.039403777569532394, "val_predictions_std": 1.1748203039169312, "_wandb": {"runtime": 58}}