{"loss": 66.84424591064453, "kl_div_tmp": 0.2794037461280823, "nll": 66.5648422241211, "predictions_mse": 0.011146397329866886, "_timestamp": 1649346062, "_runtime": 203, "_step": 1731}