{"loss": 66.49066162109375, "kl_div_tmp": 0.00012163983046775684, "nll": 66.49053955078125, "y_mse": 0.0025835130363702774, "_timestamp": 1649417365, "_runtime": 129, "_step": 8794, "val_loss_tmp": 66.53105926513672, "val_mse": 0.004422976169735193, "val_y_posx_std": [0.00010685589222703129, 4.758028808282688e-05, 4.117470598430373e-05], "val_y_posy_std": [4.371425893623382e-05, 5.9985082771163434e-05, 3.119287430308759e-05], "val_y_posz_std": [4.0318704122910276e-05, 4.295265898690559e-05, 6.386843597283587e-05], "val_posterior_y_eval": {"_type": "images/separated", "width": 640, "height": 480, "format": "png", "count": 3, "filenames": ["media/images/val_posterior_y_eval_8783_43d3ae19bbf1d56dcbf5.png", "media/images/val_posterior_y_eval_8783_5be1a5b1fe92158e6292.png", "media/images/val_posterior_y_eval_8783_62db71ed90b3cfc7db9d.png"]}, "val_ground_truth": {"_type": "images/separated", "width": 640, "height": 480, "format": "png", "count": 3, "filenames": ["media/images/val_ground_truth_8783_e2d1af8a759b395809e7.png", "media/images/val_ground_truth_8783_3892c000f5bd67bb57ec.png", "media/images/val_ground_truth_8783_95042628ca098e9af41d.png"]}, "val_posterior_y": {"_type": "images/separated", "width": 640, "height": 480, "format": "png", "count": 3, "filenames": ["media/images/val_posterior_y_8783_7bca9da55ac4babd03c7.png", "media/images/val_posterior_y_8783_492b883e7e21361df37d.png", "media/images/val_posterior_y_8783_a90fb50d7f8369145055.png"]}, "tr_ground_truth": {"_type": "images/separated", "width": 640, "height": 480, "format": "png", "count": 3, "filenames": ["media/images/tr_ground_truth_8783_23e725a69ee8db7e3375.png", "media/images/tr_ground_truth_8783_042a4c7e9f0eb042fd1c.png", "media/images/tr_ground_truth_8783_8d168eafa58343d86eaa.png"]}, "tr_posterior_y": {"_type": "images/separated", "width": 640, "height": 480, "format": "png", "count": 3, "filenames": ["media/images/tr_posterior_y_8783_93838ea3a776586574c6.png", "media/images/tr_posterior_y_8783_f2b2bf78db9d3fd24a78.png", "media/images/tr_posterior_y_8783_110b3dca482979cb4a90.png"]}}