{"loss": 66.47795104980469, "kl_div_tmp": 0.001110183889977634, "nll": 66.47683715820312, "y_mean_r": 0.06922914832830429, "_timestamp": 1649424635, "_runtime": 220, "_step": 12898, "val_loss_tmp": 66.56517028808594, "val_y_mean_r": 0.11284693330526352, "val_posterior_std": 0.9867305755615234, "val_y_posx_std": 8.382688065466937e-06, "val_y_posy_std": 2.188470716646407e-06, "val_y_posz_std": 2.7831524676003028e-06, "val_posterior_y_eval": {"_type": "images/separated", "width": 640, "height": 480, "format": "png", "count": 3, "filenames": ["media/images/val_posterior_y_eval_11711_c27f056efd0cd0949625.png", "media/images/val_posterior_y_eval_11711_f28387fda801381709fd.png", "media/images/val_posterior_y_eval_11711_67bb4035438b01b9e775.png"]}, "val_ground_truth": {"_type": "images/separated", "width": 640, "height": 480, "format": "png", "count": 3, "filenames": ["media/images/val_ground_truth_11711_8ea8723e6fe9b8885ef5.png", "media/images/val_ground_truth_11711_1bfe2eca8d7803e0c448.png", "media/images/val_ground_truth_11711_6e0d97b782e945ed5829.png"]}, "val_posterior_y": {"_type": "images/separated", "width": 640, "height": 480, "format": "png", "count": 3, "filenames": ["media/images/val_posterior_y_11711_e6a17c0c262fbaf96943.png", "media/images/val_posterior_y_11711_515f553ae05a52b21b1e.png", "media/images/val_posterior_y_11711_abb5ea96829e4a0558cb.png"]}, "tr_ground_truth": {"_type": "images/separated", "width": 640, "height": 480, "format": "png", "count": 3, "filenames": ["media/images/tr_ground_truth_11711_e6e81a18cf0225f01feb.png", "media/images/tr_ground_truth_11711_af4bba478a2786e83e5b.png", "media/images/tr_ground_truth_11711_603be674de10ae51fd29.png"]}, "tr_posterior_y": {"_type": "images/separated", "width": 640, "height": 480, "format": "png", "count": 3, "filenames": ["media/images/tr_posterior_y_11711_d8d4489bdfe244b56081.png", "media/images/tr_posterior_y_11711_02e90d0efe71b2592cd3.png", "media/images/tr_posterior_y_11711_f4e1abe7b228de9ed434.png"]}}