{"loss": 66.80923461914062, "kl_div_tmp": 0.18200038373470306, "nll": 66.62723541259766, "predictions_mse": 0.012879446148872375, "_timestamp": 1649347172, "_runtime": 29, "_step": 2926, "_wandb": {"runtime": 30}}