{"test_im": {"_type": "image-file", "path": "media/images/test_im_0_88fbaa8d4218520a7e4f.png", "sha256": "88fbaa8d4218520a7e4f379bf5c710124483f7e2ec3b61d1ade38c5c39688e0e", "size": 125, "format": "png", "width": 480, "height": 10}, "_timestamp": 1649405437, "_runtime": 49, "_step": 2928, "loss": 70.55238342285156, "kl_div_tmp": 2.018537998199463, "nll": 68.53384399414062, "y_mse": 0.1706286072731018, "val_loss_tmp": 70.17830657958984, "val_mse": 0.16336366534233093, "val_y_pos_std": 0.01485911849886179, "_wandb": {"runtime": 56}}