{"test_im": {"_type": "image-file", "path": "media/images/test_im_0_88fbaa8d4218520a7e4f.png", "sha256": "88fbaa8d4218520a7e4f379bf5c710124483f7e2ec3b61d1ade38c5c39688e0e", "size": 125, "format": "png", "width": 480, "height": 10}, "_timestamp": 1649405066, "_runtime": 54, "_step": 2928, "loss": 70.5523910522461, "kl_div_tmp": 2.0185484886169434, "nll": 68.53384399414062, "y_mse": 0.1706281304359436, "val_loss_tmp": 70.17832946777344, "val_mse": 0.16336335241794586, "val_y_pos_std": 0.014859280548989773, "_wandb": {"runtime": 61}}