{"loss": 133.0433807373047, "kl_div_tmp": 0.012277903966605663, "nll": 133.03109741210938, "predictions_mse": 0.009777046740055084, "_timestamp": 1649255566, "_runtime": 55, "_step": 1466, "val_loss_tmp": 133.0433807373047, "epoch": 0, "data_video": {"_type": "video-file", "path": "media/videos/data_video_1465_81e245bfaecaa81d1c57.gif", "sha256": "81e245bfaecaa81d1c57584f97105dc473ca6da2ea88868c03c09826247138b0", "size": 6679, "width": 640, "height": 480}, "prediction_video": {"_type": "video-file", "path": "media/videos/prediction_video_1466_4a6c0ba92b9202e1a46e.gif", "sha256": "4a6c0ba92b9202e1a46ea143018dbc3ac399767f3aa73f74e65cccb441d53be6", "size": 6714, "width": 640, "height": 480}, "_wandb": {"runtime": 50}}