{"loss": 66.5200424194336, "kl_div_tmp": 2.5893794372677803e-05, "nll": 66.52001953125, "y_mean_r": 0.06659632921218872, "_timestamp": 1649424050, "_runtime": 245, "_step": 14639, "val_loss_tmp": 66.6581802368164, "val_y_mean_r": 0.13739685714244843, "val_posterior_std": 0.9999980926513672, "val_y_posx_std": 6.170076893852183e-09, "val_y_posy_std": 2.0026948988061122e-08, "val_y_posz_std": 9.016245527959654e-09, "val_posterior_y_eval": {"_type": "images/separated", "width": 640, "height": 480, "format": "png", "count": 3, "filenames": ["media/images/val_posterior_y_eval_14639_cfca540819821edc5439.png", "media/images/val_posterior_y_eval_14639_cfca540819821edc5439.png", "media/images/val_posterior_y_eval_14639_cfca540819821edc5439.png"]}, "val_ground_truth": {"_type": "images/separated", "width": 640, "height": 480, "format": "png", "count": 3, "filenames": ["media/images/val_ground_truth_14639_43271b1352aeb96c5d3b.png", "media/images/val_ground_truth_14639_9411610e021ca2b06135.png", "media/images/val_ground_truth_14639_1085a0a16b59171780a4.png"]}, "val_posterior_y": {"_type": "images/separated", "width": 640, "height": 480, "format": "png", "count": 3, "filenames": ["media/images/val_posterior_y_14639_ea80c718539991c0b38d.png", "media/images/val_posterior_y_14639_d92d2f6feb9735fb6a7f.png", "media/images/val_posterior_y_14639_1544155b11a94d466a1c.png"]}, "tr_ground_truth": {"_type": "images/separated", "width": 640, "height": 480, "format": "png", "count": 3, "filenames": ["media/images/tr_ground_truth_14639_e31a3b890c78cafdf9d7.png", "media/images/tr_ground_truth_14639_3f523ca0ee06b7e26c5b.png", "media/images/tr_ground_truth_14639_111f19eb82fba367fdf9.png"]}, "tr_posterior_y": {"_type": "images/separated", "width": 640, "height": 480, "format": "png", "count": 3, "filenames": ["media/images/tr_posterior_y_14639_473de42ccc45cd902aaf.png", "media/images/tr_posterior_y_14639_7d396ff244b7dcb3c374.png", "media/images/tr_posterior_y_14639_f2679e45f45119807297.png"]}, "_wandb": {"runtime": 245}}