{"loss": 133.0433807373047, "kl_div_tmp": 0.012277897447347641, "nll": 133.03109741210938, "predictions_mse": 0.009777048602700233, "_timestamp": 1649254995, "_runtime": 58, "_step": 1466, "val_loss_tmp": 133.0433807373047, "epoch": 0, "data_video": {"_type": "video-file", "path": "media/videos/data_video_1465_a81fed55f93ab55d54a4.gif", "sha256": "a81fed55f93ab55d54a4a56cbb4995218fb3ba3df1355c6ccd87bf0a9cf00689", "size": 5720, "width": 640, "height": 480}, "prediction_video": {"_type": "video-file", "path": "media/videos/prediction_video_1466_535b7160aba68138c71f.gif", "sha256": "535b7160aba68138c71f95450d817120bf8bdecf40166eb865f2688a2496cff0", "size": 6602, "width": 640, "height": 480}, "_wandb": {"runtime": 51}}