{"loss": 66.70256042480469, "kl_div_tmp": 0.20377802848815918, "nll": 66.498779296875, "y_mean_r": 0.08281408995389938, "_timestamp": 1649495993, "_runtime": 91, "_step": 4498, "val_loss_tmp": 66.74827575683594, "val_y_mean_r": 0.08519360423088074, "val_posterior_std": 1.0000568628311157, "val_y_posx_std": 0.05115314945578575, "val_y_posy_std": 0.023262159898877144, "val_y_posz_std": 0.021580521017313004, "val_posterior_y_eval": {"_type": "images/separated", "width": 640, "height": 480, "format": "png", "count": 3, "filenames": ["media/images/val_posterior_y_eval_4403_25bc168b1d20fbd44450.png", "media/images/val_posterior_y_eval_4403_d04579c155e7e194fce1.png", "media/images/val_posterior_y_eval_4403_88d51ca5e1509fd231ce.png"]}, "val_ground_truth": {"_type": "images/separated", "width": 640, "height": 480, "format": "png", "count": 3, "filenames": ["media/images/val_ground_truth_4403_2d656ee4d0e2962c097d.png", "media/images/val_ground_truth_4403_a9c250cb4a610924e70c.png", "media/images/val_ground_truth_4403_a1c287a99fb979361c26.png"]}, "val_posterior_y": {"_type": "images/separated", "width": 640, "height": 480, "format": "png", "count": 3, "filenames": ["media/images/val_posterior_y_4403_9a65fb2ff32e9c383dff.png", "media/images/val_posterior_y_4403_1dc9e0b2712fe7c96063.png", "media/images/val_posterior_y_4403_704331b9b2299cbb1d87.png"]}, "tr_ground_truth": {"_type": "images/separated", "width": 640, "height": 480, "format": "png", "count": 3, "filenames": ["media/images/tr_ground_truth_4403_76257e975081f43f04b1.png", "media/images/tr_ground_truth_4403_5ca333511bb924ab707d.png", "media/images/tr_ground_truth_4403_c9fe76288e7f54790576.png"]}, "tr_posterior_y": {"_type": "images/separated", "width": 640, "height": 480, "format": "png", "count": 3, "filenames": ["media/images/tr_posterior_y_4403_6bfbfb26737e5112fcf3.png", "media/images/tr_posterior_y_4403_72ad0a58c89fb5b9a6a9.png", "media/images/tr_posterior_y_4403_5422550df036669738ea.png"]}}