{"loss": 66.52011108398438, "kl_div_tmp": 1.5377509043901227e-07, "nll": 66.52011108398438, "y_mean_r": 0.0670575499534607, "_timestamp": 1649424360, "_runtime": 251, "_step": 14639, "val_loss_tmp": 66.67711639404297, "val_y_mean_r": 0.14266274869441986, "val_posterior_std": 0.9999964237213135, "val_y_posx_std": 6.813903041802405e-08, "val_y_posy_std": 3.1595615013202405e-08, "val_y_posz_std": 5.120296009408776e-08, "val_posterior_y_eval": {"_type": "images/separated", "width": 640, "height": 480, "format": "png", "count": 3, "filenames": ["media/images/val_posterior_y_eval_14639_a97e3c692cd6732ea623.png", "media/images/val_posterior_y_eval_14639_a97e3c692cd6732ea623.png", "media/images/val_posterior_y_eval_14639_a97e3c692cd6732ea623.png"]}, "val_ground_truth": {"_type": "images/separated", "width": 640, "height": 480, "format": "png", "count": 3, "filenames": ["media/images/val_ground_truth_14639_43271b1352aeb96c5d3b.png", "media/images/val_ground_truth_14639_9411610e021ca2b06135.png", "media/images/val_ground_truth_14639_1085a0a16b59171780a4.png"]}, "val_posterior_y": {"_type": "images/separated", "width": 640, "height": 480, "format": "png", "count": 3, "filenames": ["media/images/val_posterior_y_14639_02c7b42875d17c822c7d.png", "media/images/val_posterior_y_14639_fb8a161f68ecc5c2659f.png", "media/images/val_posterior_y_14639_2f4dfe8aa2916d2f2815.png"]}, "tr_ground_truth": {"_type": "images/separated", "width": 640, "height": 480, "format": "png", "count": 3, "filenames": ["media/images/tr_ground_truth_14639_e31a3b890c78cafdf9d7.png", "media/images/tr_ground_truth_14639_3f523ca0ee06b7e26c5b.png", "media/images/tr_ground_truth_14639_111f19eb82fba367fdf9.png"]}, "tr_posterior_y": {"_type": "images/separated", "width": 640, "height": 480, "format": "png", "count": 3, "filenames": ["media/images/tr_posterior_y_14639_95f6afa1de1c41fae919.png", "media/images/tr_posterior_y_14639_3f724408d78f7e6ab9b7.png", "media/images/tr_posterior_y_14639_1629e447c8e5dc840023.png"]}, "_wandb": {"runtime": 252}}