{"loss": 134.04949951171875, "kl_div_tmp": 0.0480630099773407, "nll": 134.00143432617188, "predictions_mse": 0.023253900930285454, "_timestamp": 1649315220, "_runtime": 100, "_step": 2926, "_wandb": {"runtime": 75}}