{"loss": 66.5309066772461, "kl_div_tmp": 0.010653837583959103, "nll": 66.52025604248047, "y_mean_r": 0.0692223608493805, "_timestamp": 1649424927, "_runtime": 249, "_step": 14639, "val_loss_tmp": 66.49604034423828, "val_y_mean_r": 0.06417125463485718, "val_posterior_std": 0.6381031274795532, "val_y_posx_std": 2.0906853023916483e-05, "val_y_posy_std": 5.267916640150361e-05, "val_y_posz_std": 5.480493200593628e-05, "val_posterior_y_eval": {"_type": "images/separated", "width": 640, "height": 480, "format": "png", "count": 3, "filenames": ["media/images/val_posterior_y_eval_14639_5d99e19c7b2e406bce7a.png", "media/images/val_posterior_y_eval_14639_c8fe4ad4f13219649b41.png", "media/images/val_posterior_y_eval_14639_b33d27f4481727e1f2be.png"]}, "val_ground_truth": {"_type": "images/separated", "width": 640, "height": 480, "format": "png", "count": 3, "filenames": ["media/images/val_ground_truth_14639_43271b1352aeb96c5d3b.png", "media/images/val_ground_truth_14639_9411610e021ca2b06135.png", "media/images/val_ground_truth_14639_1085a0a16b59171780a4.png"]}, "val_posterior_y": {"_type": "images/separated", "width": 640, "height": 480, "format": "png", "count": 3, "filenames": ["media/images/val_posterior_y_14639_41447091a9428c1cb002.png", "media/images/val_posterior_y_14639_55e81add52681b70aa0b.png", "media/images/val_posterior_y_14639_9cb2205c2aaf47043f17.png"]}, "tr_ground_truth": {"_type": "images/separated", "width": 640, "height": 480, "format": "png", "count": 3, "filenames": ["media/images/tr_ground_truth_14639_e31a3b890c78cafdf9d7.png", "media/images/tr_ground_truth_14639_3f523ca0ee06b7e26c5b.png", "media/images/tr_ground_truth_14639_111f19eb82fba367fdf9.png"]}, "tr_posterior_y": {"_type": "images/separated", "width": 640, "height": 480, "format": "png", "count": 3, "filenames": ["media/images/tr_posterior_y_14639_da66d4ccfe77639bbef8.png", "media/images/tr_posterior_y_14639_3237df8c818ef951964f.png", "media/images/tr_posterior_y_14639_a0ae3a1c8c55bb03b8ff.png"]}, "_wandb": {"runtime": 249}}