{"loss": 68.67294311523438, "kl_div_tmp": 1.0630840063095093, "nll": 67.60985565185547, "predictions_mse": 0.04017438739538193, "_timestamp": 1649340853, "_runtime": 50, "_step": 2926, "_wandb": {"runtime": 51}}