{"loss": 134.06051635742188, "kl_div_tmp": 0.05892471596598625, "nll": 134.0015869140625, "predictions_mse": 0.023256126791238785, "_timestamp": 1649318371, "_runtime": 76, "_step": 2926, "_wandb": {"runtime": 58}}