{"loss": 66.5147705078125, "kl_div_tmp": 1.5204241208266467e-05, "nll": 66.51475524902344, "y_mse": 0.001893810578621924, "_timestamp": 1649417873, "_runtime": 192, "_step": 14639, "val_loss_tmp": 66.48841094970703, "val_mse": 0.002147476188838482, "val_y_posx_std": 6.027014023857191e-06, "val_y_posy_std": 1.961555881280219e-06, "val_y_posz_std": 2.561205292295199e-06, "val_posterior_y_eval": {"_type": "images/separated", "width": 640, "height": 480, "format": "png", "count": 3, "filenames": ["media/images/val_posterior_y_eval_14639_06f98bc459ae117f394b.png", "media/images/val_posterior_y_eval_14639_a52edc8526986bb644b7.png", "media/images/val_posterior_y_eval_14639_bce000f46a53ed734470.png"]}, "val_ground_truth": {"_type": "images/separated", "width": 640, "height": 480, "format": "png", "count": 3, "filenames": ["media/images/val_ground_truth_14639_43271b1352aeb96c5d3b.png", "media/images/val_ground_truth_14639_9411610e021ca2b06135.png", "media/images/val_ground_truth_14639_1085a0a16b59171780a4.png"]}, "val_posterior_y": {"_type": "images/separated", "width": 640, "height": 480, "format": "png", "count": 3, "filenames": ["media/images/val_posterior_y_14639_8bb02f91c0016f431141.png", "media/images/val_posterior_y_14639_e10e1af58da05d3194b3.png", "media/images/val_posterior_y_14639_8621d654e3383d3be8ce.png"]}, "tr_ground_truth": {"_type": "images/separated", "width": 640, "height": 480, "format": "png", "count": 3, "filenames": ["media/images/tr_ground_truth_14639_e31a3b890c78cafdf9d7.png", "media/images/tr_ground_truth_14639_3f523ca0ee06b7e26c5b.png", "media/images/tr_ground_truth_14639_111f19eb82fba367fdf9.png"]}, "tr_posterior_y": {"_type": "images/separated", "width": 640, "height": 480, "format": "png", "count": 3, "filenames": ["media/images/tr_posterior_y_14639_5916f94a53f7fd750ed9.png", "media/images/tr_posterior_y_14639_0a5ff2f629a3993a990d.png", "media/images/tr_posterior_y_14639_349125e4eb17e875de85.png"]}, "_wandb": {"runtime": 193}}